dataset_id,component,target_id,source_variant,component_bf_weight,exact_gwas_recoverable
QTD000031,1,del4,chr10_6161637_TAGAG_T,0.4754502380956058,False
QTD000031,1,del2,chr10_6161575_TAC_T,0.0002156923637755107,True
QTD000031,1,long_deletion,chr10_6170685_AGTATGGAGGTGGGGACAGG_A,0.01737948137469099,True
QTD000031,2,del4,chr10_6161637_TAGAG_T,9.840403185060545e-16,False
QTD000031,2,del2,chr10_6161575_TAC_T,1.0480311216972831e-15,True
QTD000031,2,long_deletion,chr10_6170685_AGTATGGAGGTGGGGACAGG_A,1.0522545085843994e-15,True
QTD000469,1,del4,chr10_6161637_TAGAG_T,0.07202746759978233,False
QTD000469,1,del2,chr10_6161575_TAC_T,0.2758254510775418,True
QTD000469,1,long_deletion,chr10_6170685_AGTATGGAGGTGGGGACAGG_A,0.06908443890343174,True
