dataset_key,program_id,bin,bin_feature_count,target_count,control_pool_count,required_controls_sufficient,underflow,program_mapping_gate_pass,matching_available,replicates,seed,target_reference_mean,bin_reference_mean,control_pool_reference_mean,reason,intended_unique_source_genes,mapped_unique_genes,mapping_fraction
sc,ets2_g1_dn,0,1630,1,1570,True,False,True,True,1000,11108313818137017318,0.0,0.0,0.0,available,927,906,0.9773462783171522
sc,ets2_g1_dn,1,1630,0,1627,True,False,True,True,1000,11108313818137017318,,0.0,0.0,available,927,906,0.9773462783171522
sc,ets2_g1_dn,2,1630,0,1629,True,False,True,True,1000,11108313818137017318,,0.0,0.0,available,927,906,0.9773462783171522
sc,ets2_g1_dn,3,1630,0,1627,True,False,True,True,1000,11108313818137017318,,0.0,0.0,available,927,906,0.9773462783171522
sc,ets2_g1_dn,4,1630,2,1627,True,False,True,True,1000,11108313818137017318,0.0,0.0,0.0,available,927,906,0.9773462783171522
sc,ets2_g1_dn,5,1630,0,1616,True,False,True,True,1000,11108313818137017318,,0.0023810285700489615,0.0023737316801680656,available,927,906,0.9773462783171522
sc,ets2_g1_dn,6,1630,0,1603,True,False,True,True,1000,11108313818137017318,,0.009926213459080875,0.009920418546338001,available,927,906,0.9773462783171522
sc,ets2_g1_dn,7,1630,2,1595,True,False,True,True,1000,11108313818137017318,0.023202742134747933,0.024014248367740524,0.024025671027657677,available,927,906,0.9773462783171522
sc,ets2_g1_dn,8,1630,2,1580,True,False,True,True,1000,11108313818137017318,0.037556458401117744,0.05493515984168826,0.05500926623783899,available,927,906,0.9773462783171522
sc,ets2_g1_dn,9,1630,3,1571,True,False,True,True,1000,11108313818137017318,0.12850845651657725,0.11539213697268587,0.11520595048862331,available,927,906,0.9773462783171522
sc,ets2_g1_dn,10,1630,8,1558,True,False,True,True,1000,11108313818137017318,0.2666993592753658,0.22968461007600863,0.2294974087651722,available,927,906,0.9773462783171522
sc,ets2_g1_dn,11,1630,4,1529,True,False,True,True,1000,11108313818137017318,0.4151643722366115,0.4484713287345,0.4483953566474491,available,927,906,0.9773462783171522
sc,ets2_g1_dn,12,1630,28,1471,True,False,True,True,1000,11108313818137017318,0.8930102398104721,0.8706167727366309,0.8706450924194805,available,927,906,0.9773462783171522
sc,ets2_g1_dn,13,1630,59,1430,True,False,True,True,1000,11108313818137017318,1.7023483902211873,1.6201276085087817,1.6166463270302085,available,927,906,0.9773462783171522
sc,ets2_g1_dn,14,1630,90,1372,True,False,True,True,1000,11108313818137017318,2.573836300843451,2.541052623471498,2.540997086934204,available,927,906,0.9773462783171522
sc,ets2_g1_dn,15,1630,95,1331,True,False,True,True,1000,11108313818137017318,3.3821244763426126,3.3858324059171654,3.3888363975871947,available,927,906,0.9773462783171522
sc,ets2_g1_dn,16,1629,115,1306,True,False,True,True,1000,11108313818137017318,4.1142493098957855,4.118657023768697,4.120292052528254,available,927,906,0.9773462783171522
sc,ets2_g1_dn,17,1629,124,1279,True,False,True,True,1000,11108313818137017318,4.822894763590301,4.806751094742843,4.80353742892103,available,927,906,0.9773462783171522
sc,ets2_g1_dn,18,1629,155,1220,True,False,True,True,1000,11108313818137017318,5.618015465920606,5.611965115351811,5.60854960123451,available,927,906,0.9773462783171522
sc,ets2_g1_dn,19,1629,218,1042,True,False,True,True,1000,11108313818137017318,7.348480133181573,7.499159459140097,7.365945206780901,available,927,906,0.9773462783171522
sc,ets2_g1_up,0,1630,2,1570,True,False,True,True,1000,13956488691922126985,0.0,0.0,0.0,available,668,583,0.8727544910179641
sc,ets2_g1_up,1,1630,0,1627,True,False,True,True,1000,13956488691922126985,,0.0,0.0,available,668,583,0.8727544910179641
sc,ets2_g1_up,2,1630,0,1629,True,False,True,True,1000,13956488691922126985,,0.0,0.0,available,668,583,0.8727544910179641
sc,ets2_g1_up,3,1630,0,1627,True,False,True,True,1000,13956488691922126985,,0.0,0.0,available,668,583,0.8727544910179641
sc,ets2_g1_up,4,1630,1,1627,True,False,True,True,1000,13956488691922126985,0.0,0.0,0.0,available,668,583,0.8727544910179641
sc,ets2_g1_up,5,1630,1,1616,True,False,True,True,1000,13956488691922126985,0.0,0.0023810285700489615,0.0023737316801680656,available,668,583,0.8727544910179641
sc,ets2_g1_up,6,1630,2,1603,True,False,True,True,1000,13956488691922126985,0.014938911372706087,0.009926213459080875,0.009920418546338001,available,668,583,0.8727544910179641
sc,ets2_g1_up,7,1630,1,1595,True,False,True,True,1000,13956488691922126985,0.022271408893447593,0.024014248367740524,0.024025671027657677,available,668,583,0.8727544910179641
sc,ets2_g1_up,8,1630,4,1580,True,False,True,True,1000,13956488691922126985,0.04629144546597785,0.05493515984168826,0.05500926623783899,available,668,583,0.8727544910179641
sc,ets2_g1_up,9,1630,7,1571,True,False,True,True,1000,13956488691922126985,0.12261466907155467,0.11539213697268587,0.11520595048862331,available,668,583,0.8727544910179641
sc,ets2_g1_up,10,1630,9,1558,True,False,True,True,1000,13956488691922126985,0.24383289377179024,0.22968461007600863,0.2294974087651722,available,668,583,0.8727544910179641
sc,ets2_g1_up,11,1630,20,1529,True,False,True,True,1000,13956488691922126985,0.4626769157484308,0.4484713287345,0.4483953566474491,available,668,583,0.8727544910179641
sc,ets2_g1_up,12,1630,34,1471,True,False,True,True,1000,13956488691922126985,0.8529959948996576,0.8706167727366309,0.8706450924194805,available,668,583,0.8727544910179641
sc,ets2_g1_up,13,1630,30,1430,True,False,True,True,1000,13956488691922126985,1.6134282714997086,1.6201276085087817,1.6166463270302085,available,668,583,0.8727544910179641
sc,ets2_g1_up,14,1630,37,1372,True,False,True,True,1000,13956488691922126985,2.4964930590581895,2.541052623471498,2.540997086934204,available,668,583,0.8727544910179641
sc,ets2_g1_up,15,1630,67,1331,True,False,True,True,1000,13956488691922126985,3.334525976578416,3.3858324059171654,3.3888363975871947,available,668,583,0.8727544910179641
sc,ets2_g1_up,16,1629,70,1306,True,False,True,True,1000,13956488691922126985,4.115268917369594,4.118657023768697,4.120292052528254,available,668,583,0.8727544910179641
sc,ets2_g1_up,17,1629,79,1279,True,False,True,True,1000,13956488691922126985,4.837521586271478,4.806751094742843,4.80353742892103,available,668,583,0.8727544910179641
sc,ets2_g1_up,18,1629,80,1220,True,False,True,True,1000,13956488691922126985,5.613712153962846,5.611965115351811,5.60854960123451,available,668,583,0.8727544910179641
sc,ets2_g1_up,19,1629,139,1042,True,False,True,True,1000,13956488691922126985,8.367741964723905,7.499159459140097,7.365945206780901,available,668,583,0.8727544910179641
sc,ets2_g2_dn,0,1630,0,1570,True,False,True,True,1000,564275276130980225,,0.0,0.0,available,875,859,0.9817142857142858
sc,ets2_g2_dn,1,1630,0,1627,True,False,True,True,1000,564275276130980225,,0.0,0.0,available,875,859,0.9817142857142858
sc,ets2_g2_dn,2,1630,0,1629,True,False,True,True,1000,564275276130980225,,0.0,0.0,available,875,859,0.9817142857142858
sc,ets2_g2_dn,3,1630,0,1627,True,False,True,True,1000,564275276130980225,,0.0,0.0,available,875,859,0.9817142857142858
sc,ets2_g2_dn,4,1630,1,1627,True,False,True,True,1000,564275276130980225,0.0,0.0,0.0,available,875,859,0.9817142857142858
sc,ets2_g2_dn,5,1630,0,1616,True,False,True,True,1000,564275276130980225,,0.0023810285700489615,0.0023737316801680656,available,875,859,0.9817142857142858
sc,ets2_g2_dn,6,1630,0,1603,True,False,True,True,1000,564275276130980225,,0.009926213459080875,0.009920418546338001,available,875,859,0.9817142857142858
sc,ets2_g2_dn,7,1630,2,1595,True,False,True,True,1000,564275276130980225,0.023202742134747933,0.024014248367740524,0.024025671027657677,available,875,859,0.9817142857142858
sc,ets2_g2_dn,8,1630,2,1580,True,False,True,True,1000,564275276130980225,0.037556458401117744,0.05493515984168826,0.05500926623783899,available,875,859,0.9817142857142858
sc,ets2_g2_dn,9,1630,2,1571,True,False,True,True,1000,564275276130980225,0.14691392720130936,0.11539213697268587,0.11520595048862331,available,875,859,0.9817142857142858
sc,ets2_g2_dn,10,1630,8,1558,True,False,True,True,1000,564275276130980225,0.2627647466046719,0.22968461007600863,0.2294974087651722,available,875,859,0.9817142857142858
sc,ets2_g2_dn,11,1630,4,1529,True,False,True,True,1000,564275276130980225,0.4561180740667953,0.4484713287345,0.4483953566474491,available,875,859,0.9817142857142858
sc,ets2_g2_dn,12,1630,28,1471,True,False,True,True,1000,564275276130980225,0.9086705274008192,0.8706167727366309,0.8706450924194805,available,875,859,0.9817142857142858
sc,ets2_g2_dn,13,1630,59,1430,True,False,True,True,1000,564275276130980225,1.6719842557379996,1.6201276085087817,1.6166463270302085,available,875,859,0.9817142857142858
sc,ets2_g2_dn,14,1630,81,1372,True,False,True,True,1000,564275276130980225,2.5839010351315532,2.541052623471498,2.540997086934204,available,875,859,0.9817142857142858
sc,ets2_g2_dn,15,1630,100,1331,True,False,True,True,1000,564275276130980225,3.3602193563764597,3.3858324059171654,3.3888363975871947,available,875,859,0.9817142857142858
sc,ets2_g2_dn,16,1629,109,1306,True,False,True,True,1000,564275276130980225,4.097553470668226,4.118657023768697,4.120292052528254,available,875,859,0.9817142857142858
sc,ets2_g2_dn,17,1629,113,1279,True,False,True,True,1000,564275276130980225,4.811788383992931,4.806751094742843,4.80353742892103,available,875,859,0.9817142857142858
sc,ets2_g2_dn,18,1629,153,1220,True,False,True,True,1000,564275276130980225,5.610831118047748,5.611965115351811,5.60854960123451,available,875,859,0.9817142857142858
sc,ets2_g2_dn,19,1629,197,1042,True,False,True,True,1000,564275276130980225,7.344411502069234,7.499159459140097,7.365945206780901,available,875,859,0.9817142857142858
sc,chr21_dn,0,1630,0,1570,True,False,True,True,1000,6078727362452292099,,0.0,0.0,available,141,135,0.9574468085106383
sc,chr21_dn,1,1630,0,1627,True,False,True,True,1000,6078727362452292099,,0.0,0.0,available,141,135,0.9574468085106383
sc,chr21_dn,2,1630,0,1629,True,False,True,True,1000,6078727362452292099,,0.0,0.0,available,141,135,0.9574468085106383
sc,chr21_dn,3,1630,0,1627,True,False,True,True,1000,6078727362452292099,,0.0,0.0,available,141,135,0.9574468085106383
sc,chr21_dn,4,1630,0,1627,True,False,True,True,1000,6078727362452292099,,0.0,0.0,available,141,135,0.9574468085106383
sc,chr21_dn,5,1630,0,1616,True,False,True,True,1000,6078727362452292099,,0.0023810285700489615,0.0023737316801680656,available,141,135,0.9574468085106383
sc,chr21_dn,6,1630,0,1603,True,False,True,True,1000,6078727362452292099,,0.009926213459080875,0.009920418546338001,available,141,135,0.9574468085106383
sc,chr21_dn,7,1630,0,1595,True,False,True,True,1000,6078727362452292099,,0.024014248367740524,0.024025671027657677,available,141,135,0.9574468085106383
sc,chr21_dn,8,1630,0,1580,True,False,True,True,1000,6078727362452292099,,0.05493515984168826,0.05500926623783899,available,141,135,0.9574468085106383
sc,chr21_dn,9,1630,0,1571,True,False,True,True,1000,6078727362452292099,,0.11539213697268587,0.11520595048862331,available,141,135,0.9574468085106383
sc,chr21_dn,10,1630,0,1558,True,False,True,True,1000,6078727362452292099,,0.22968461007600863,0.2294974087651722,available,141,135,0.9574468085106383
sc,chr21_dn,11,1630,2,1529,True,False,True,True,1000,6078727362452292099,0.41908801265376994,0.4484713287345,0.4483953566474491,available,141,135,0.9574468085106383
sc,chr21_dn,12,1630,2,1471,True,False,True,True,1000,6078727362452292099,0.7803238315520664,0.8706167727366309,0.8706450924194805,available,141,135,0.9574468085106383
sc,chr21_dn,13,1630,6,1430,True,False,True,True,1000,6078727362452292099,1.5349809992354269,1.6201276085087817,1.6166463270302085,available,141,135,0.9574468085106383
sc,chr21_dn,14,1630,4,1372,True,False,True,True,1000,6078727362452292099,2.6223301435051156,2.541052623471498,2.540997086934204,available,141,135,0.9574468085106383
sc,chr21_dn,15,1630,11,1331,True,False,True,True,1000,6078727362452292099,3.2924322982945324,3.3858324059171654,3.3888363975871947,available,141,135,0.9574468085106383
sc,chr21_dn,16,1629,12,1306,True,False,True,True,1000,6078727362452292099,4.145076305995551,4.118657023768697,4.120292052528254,available,141,135,0.9574468085106383
sc,chr21_dn,17,1629,20,1279,True,False,True,True,1000,6078727362452292099,4.8231176277181405,4.806751094742843,4.80353742892103,available,141,135,0.9574468085106383
sc,chr21_dn,18,1629,21,1220,True,False,True,True,1000,6078727362452292099,5.671617274507781,5.611965115351811,5.60854960123451,available,141,135,0.9574468085106383
sc,chr21_dn,19,1629,57,1042,True,False,True,True,1000,6078727362452292099,7.47089360465433,7.499159459140097,7.365945206780901,available,141,135,0.9574468085106383
sc,inflammation,0,1630,35,1570,True,False,True,True,1000,12728040105447075649,0.0,0.0,0.0,available,815,751,0.9214723926380368
sc,inflammation,1,1630,0,1627,True,False,True,True,1000,12728040105447075649,,0.0,0.0,available,815,751,0.9214723926380368
sc,inflammation,2,1630,1,1629,True,False,True,True,1000,12728040105447075649,0.0,0.0,0.0,available,815,751,0.9214723926380368
sc,inflammation,3,1630,3,1627,True,False,True,True,1000,12728040105447075649,0.0,0.0,0.0,available,815,751,0.9214723926380368
sc,inflammation,4,1630,0,1627,True,False,True,True,1000,12728040105447075649,,0.0,0.0,available,815,751,0.9214723926380368
sc,inflammation,5,1630,9,1616,True,False,True,True,1000,12728040105447075649,0.003314072245241037,0.0023810285700489615,0.0023737316801680656,available,815,751,0.9214723926380368
sc,inflammation,6,1630,12,1603,True,False,True,True,1000,12728040105447075649,0.009580240716689096,0.009926213459080875,0.009920418546338001,available,815,751,0.9214723926380368
sc,inflammation,7,1630,16,1595,True,False,True,True,1000,12728040105447075649,0.02241135116511525,0.024014248367740524,0.024025671027657677,available,815,751,0.9214723926380368
sc,inflammation,8,1630,20,1580,True,False,True,True,1000,12728040105447075649,0.0561725476424386,0.05493515984168826,0.05500926623783899,available,815,751,0.9214723926380368
sc,inflammation,9,1630,32,1571,True,False,True,True,1000,12728040105447075649,0.1267562570559651,0.11539213697268587,0.11520595048862331,available,815,751,0.9214723926380368
sc,inflammation,10,1630,31,1558,True,False,True,True,1000,12728040105447075649,0.22662392799175296,0.22968461007600863,0.2294974087651722,available,815,751,0.9214723926380368
sc,inflammation,11,1630,44,1529,True,False,True,True,1000,12728040105447075649,0.44255429126637597,0.4484713287345,0.4483953566474491,available,815,751,0.9214723926380368
sc,inflammation,12,1630,55,1471,True,False,True,True,1000,12728040105447075649,0.88164120505569,0.8706167727366309,0.8706450924194805,available,815,751,0.9214723926380368
sc,inflammation,13,1630,57,1430,True,False,True,True,1000,12728040105447075649,1.6074278431777607,1.6201276085087817,1.6166463270302085,available,815,751,0.9214723926380368
sc,inflammation,14,1630,66,1372,True,False,True,True,1000,12728040105447075649,2.5189006026363003,2.541052623471498,2.540997086934204,available,815,751,0.9214723926380368
sc,inflammation,15,1630,52,1331,True,False,True,True,1000,12728040105447075649,3.42197420010389,3.3858324059171654,3.3888363975871947,available,815,751,0.9214723926380368
sc,inflammation,16,1629,41,1306,True,False,True,True,1000,12728040105447075649,4.1009093043388205,4.118657023768697,4.120292052528254,available,815,751,0.9214723926380368
sc,inflammation,17,1629,73,1279,True,False,True,True,1000,12728040105447075649,4.824520518891996,4.806751094742843,4.80353742892103,available,815,751,0.9214723926380368
sc,inflammation,18,1629,75,1220,True,False,True,True,1000,12728040105447075649,5.601551986083899,5.611965115351811,5.60854960123451,available,815,751,0.9214723926380368
sc,inflammation,19,1629,129,1042,True,False,True,True,1000,12728040105447075649,7.681397288313706,7.499159459140097,7.365945206780901,available,815,751,0.9214723926380368
sc,interferon_gamma,0,1630,5,1570,True,False,True,True,1000,1431769162907166171,0.0,0.0,0.0,available,139,137,0.9856115107913669
sc,interferon_gamma,1,1630,0,1627,True,False,True,True,1000,1431769162907166171,,0.0,0.0,available,139,137,0.9856115107913669
sc,interferon_gamma,2,1630,0,1629,True,False,True,True,1000,1431769162907166171,,0.0,0.0,available,139,137,0.9856115107913669
sc,interferon_gamma,3,1630,0,1627,True,False,True,True,1000,1431769162907166171,,0.0,0.0,available,139,137,0.9856115107913669
sc,interferon_gamma,4,1630,0,1627,True,False,True,True,1000,1431769162907166171,,0.0,0.0,available,139,137,0.9856115107913669
sc,interferon_gamma,5,1630,1,1616,True,False,True,True,1000,1431769162907166171,0.005746743044451329,0.0023810285700489615,0.0023737316801680656,available,139,137,0.9856115107913669
sc,interferon_gamma,6,1630,1,1603,True,False,True,True,1000,1431769162907166171,0.009867338342062808,0.009926213459080875,0.009920418546338001,available,139,137,0.9856115107913669
sc,interferon_gamma,7,1630,0,1595,True,False,True,True,1000,1431769162907166171,,0.024014248367740524,0.024025671027657677,available,139,137,0.9856115107913669
sc,interferon_gamma,8,1630,3,1580,True,False,True,True,1000,1431769162907166171,0.05155217186560268,0.05493515984168826,0.05500926623783899,available,139,137,0.9856115107913669
sc,interferon_gamma,9,1630,3,1571,True,False,True,True,1000,1431769162907166171,0.1231996416949569,0.11539213697268587,0.11520595048862331,available,139,137,0.9856115107913669
sc,interferon_gamma,10,1630,5,1558,True,False,True,True,1000,1431769162907166171,0.22760503142074368,0.22968461007600863,0.2294974087651722,available,139,137,0.9856115107913669
sc,interferon_gamma,11,1630,9,1529,True,False,True,True,1000,1431769162907166171,0.46992657245810854,0.4484713287345,0.4483953566474491,available,139,137,0.9856115107913669
sc,interferon_gamma,12,1630,8,1471,True,False,True,True,1000,1431769162907166171,0.90776307841069,0.8706167727366309,0.8706450924194805,available,139,137,0.9856115107913669
sc,interferon_gamma,13,1630,9,1430,True,False,True,True,1000,1431769162907166171,1.431983202920707,1.6201276085087817,1.6166463270302085,available,139,137,0.9856115107913669
sc,interferon_gamma,14,1630,7,1372,True,False,True,True,1000,1431769162907166171,2.3760299105470457,2.541052623471498,2.540997086934204,available,139,137,0.9856115107913669
sc,interferon_gamma,15,1630,5,1331,True,False,True,True,1000,1431769162907166171,3.544020162320939,3.3858324059171654,3.3888363975871947,available,139,137,0.9856115107913669
sc,interferon_gamma,16,1629,15,1306,True,False,True,True,1000,1431769162907166171,4.045632324739278,4.118657023768697,4.120292052528254,available,139,137,0.9856115107913669
sc,interferon_gamma,17,1629,8,1279,True,False,True,True,1000,1431769162907166171,4.768493545023082,4.806751094742843,4.80353742892103,available,139,137,0.9856115107913669
sc,interferon_gamma,18,1629,16,1220,True,False,True,True,1000,1431769162907166171,5.6381763097063144,5.611965115351811,5.60854960123451,available,139,137,0.9856115107913669
sc,interferon_gamma,19,1629,42,1042,True,False,True,True,1000,1431769162907166171,7.894999211700818,7.499159459140097,7.365945206780901,available,139,137,0.9856115107913669
sc,oxidative_stress,0,1630,9,1570,True,False,True,True,1000,434812054561597246,0.0,0.0,0.0,available,436,419,0.9610091743119266
sc,oxidative_stress,1,1630,2,1627,True,False,True,True,1000,434812054561597246,0.0,0.0,0.0,available,436,419,0.9610091743119266
sc,oxidative_stress,2,1630,1,1629,True,False,True,True,1000,434812054561597246,0.0,0.0,0.0,available,436,419,0.9610091743119266
sc,oxidative_stress,3,1630,1,1627,True,False,True,True,1000,434812054561597246,0.0,0.0,0.0,available,436,419,0.9610091743119266
sc,oxidative_stress,4,1630,0,1627,True,False,True,True,1000,434812054561597246,,0.0,0.0,available,436,419,0.9610091743119266
sc,oxidative_stress,5,1630,3,1616,True,False,True,True,1000,434812054561597246,0.003184260258864415,0.0023810285700489615,0.0023737316801680656,available,436,419,0.9610091743119266
sc,oxidative_stress,6,1630,4,1603,True,False,True,True,1000,434812054561597246,0.012215481406234442,0.009926213459080875,0.009920418546338001,available,436,419,0.9610091743119266
sc,oxidative_stress,7,1630,9,1595,True,False,True,True,1000,434812054561597246,0.02493669097273953,0.024014248367740524,0.024025671027657677,available,436,419,0.9610091743119266
sc,oxidative_stress,8,1630,11,1580,True,False,True,True,1000,434812054561597246,0.04969280561964498,0.05493515984168826,0.05500926623783899,available,436,419,0.9610091743119266
sc,oxidative_stress,9,1630,12,1571,True,False,True,True,1000,434812054561597246,0.1153242884481581,0.11539213697268587,0.11520595048862331,available,436,419,0.9610091743119266
sc,oxidative_stress,10,1630,9,1558,True,False,True,True,1000,434812054561597246,0.23787375570964742,0.22968461007600863,0.2294974087651722,available,436,419,0.9610091743119266
sc,oxidative_stress,11,1630,21,1529,True,False,True,True,1000,434812054561597246,0.4688330059279802,0.4484713287345,0.4483953566474491,available,436,419,0.9610091743119266
sc,oxidative_stress,12,1630,16,1471,True,False,True,True,1000,434812054561597246,0.8038692136303642,0.8706167727366309,0.8706450924194805,available,436,419,0.9610091743119266
sc,oxidative_stress,13,1630,20,1430,True,False,True,True,1000,434812054561597246,1.6180391071043343,1.6201276085087817,1.6166463270302085,available,436,419,0.9610091743119266
sc,oxidative_stress,14,1630,26,1372,True,False,True,True,1000,434812054561597246,2.5814748145056887,2.541052623471498,2.540997086934204,available,436,419,0.9610091743119266
sc,oxidative_stress,15,1630,47,1331,True,False,True,True,1000,434812054561597246,3.4500323845419545,3.3858324059171654,3.3888363975871947,available,436,419,0.9610091743119266
sc,oxidative_stress,16,1629,49,1306,True,False,True,True,1000,434812054561597246,4.135564817723427,4.118657023768697,4.120292052528254,available,436,419,0.9610091743119266
sc,oxidative_stress,17,1629,50,1279,True,False,True,True,1000,434812054561597246,4.710604464076756,4.806751094742843,4.80353742892103,available,436,419,0.9610091743119266
sc,oxidative_stress,18,1629,53,1220,True,False,True,True,1000,434812054561597246,5.667204714939329,5.611965115351811,5.60854960123451,available,436,419,0.9610091743119266
sc,oxidative_stress,19,1629,76,1042,True,False,True,True,1000,434812054561597246,7.716190107966584,7.499159459140097,7.365945206780901,available,436,419,0.9610091743119266
sc,apoptotic_signaling,0,1630,17,1570,True,False,True,True,1000,1374400888855302198,0.0,0.0,0.0,available,588,573,0.9744897959183674
sc,apoptotic_signaling,1,1630,1,1627,True,False,True,True,1000,1374400888855302198,0.0,0.0,0.0,available,588,573,0.9744897959183674
sc,apoptotic_signaling,2,1630,1,1629,True,False,True,True,1000,1374400888855302198,0.0,0.0,0.0,available,588,573,0.9744897959183674
sc,apoptotic_signaling,3,1630,1,1627,True,False,True,True,1000,1374400888855302198,0.0,0.0,0.0,available,588,573,0.9744897959183674
sc,apoptotic_signaling,4,1630,0,1627,True,False,True,True,1000,1374400888855302198,,0.0,0.0,available,588,573,0.9744897959183674
sc,apoptotic_signaling,5,1630,3,1616,True,False,True,True,1000,1374400888855302198,0.002027669048552434,0.0023810285700489615,0.0023737316801680656,available,588,573,0.9744897959183674
sc,apoptotic_signaling,6,1630,10,1603,True,False,True,True,1000,1374400888855302198,0.009157418477498416,0.009926213459080875,0.009920418546338001,available,588,573,0.9744897959183674
sc,apoptotic_signaling,7,1630,9,1595,True,False,True,True,1000,1374400888855302198,0.023593351895683172,0.024014248367740524,0.024025671027657677,available,588,573,0.9744897959183674
sc,apoptotic_signaling,8,1630,13,1580,True,False,True,True,1000,1374400888855302198,0.055478055848426126,0.05493515984168826,0.05500926623783899,available,588,573,0.9744897959183674
sc,apoptotic_signaling,9,1630,12,1571,True,False,True,True,1000,1374400888855302198,0.11198815825677687,0.11539213697268587,0.11520595048862331,available,588,573,0.9744897959183674
sc,apoptotic_signaling,10,1630,17,1558,True,False,True,True,1000,1374400888855302198,0.22403784338398613,0.22968461007600863,0.2294974087651722,available,588,573,0.9744897959183674
sc,apoptotic_signaling,11,1630,16,1529,True,False,True,True,1000,1374400888855302198,0.43526414344089165,0.4484713287345,0.4483953566474491,available,588,573,0.9744897959183674
sc,apoptotic_signaling,12,1630,34,1471,True,False,True,True,1000,1374400888855302198,0.8496702687726498,0.8706167727366309,0.8706450924194805,available,588,573,0.9744897959183674
sc,apoptotic_signaling,13,1630,29,1430,True,False,True,True,1000,1374400888855302198,1.7225713280997215,1.6201276085087817,1.6166463270302085,available,588,573,0.9744897959183674
sc,apoptotic_signaling,14,1630,39,1372,True,False,True,True,1000,1374400888855302198,2.5201996202138677,2.541052623471498,2.540997086934204,available,588,573,0.9744897959183674
sc,apoptotic_signaling,15,1630,44,1331,True,False,True,True,1000,1374400888855302198,3.3789618130335626,3.3858324059171654,3.3888363975871947,available,588,573,0.9744897959183674
sc,apoptotic_signaling,16,1629,69,1306,True,False,True,True,1000,1374400888855302198,4.096156820102853,4.118657023768697,4.120292052528254,available,588,573,0.9744897959183674
sc,apoptotic_signaling,17,1629,72,1279,True,False,True,True,1000,1374400888855302198,4.82009748995476,4.806751094742843,4.80353742892103,available,588,573,0.9744897959183674
sc,apoptotic_signaling,18,1629,72,1220,True,False,True,True,1000,1374400888855302198,5.667612039990801,5.611965115351811,5.60854960123451,available,588,573,0.9744897959183674
sc,apoptotic_signaling,19,1629,114,1042,True,False,True,True,1000,1374400888855302198,7.651187432433103,7.499159459140097,7.365945206780901,available,588,573,0.9744897959183674
sc,ets2_g1_dn_without_comparators,0,1630,1,1570,True,False,True,True,1000,13132281349415936589,0.0,0.0,0.0,available,927,741,0.7993527508090615
sc,ets2_g1_dn_without_comparators,1,1630,0,1627,True,False,True,True,1000,13132281349415936589,,0.0,0.0,available,927,741,0.7993527508090615
sc,ets2_g1_dn_without_comparators,2,1630,0,1629,True,False,True,True,1000,13132281349415936589,,0.0,0.0,available,927,741,0.7993527508090615
sc,ets2_g1_dn_without_comparators,3,1630,0,1627,True,False,True,True,1000,13132281349415936589,,0.0,0.0,available,927,741,0.7993527508090615
sc,ets2_g1_dn_without_comparators,4,1630,2,1627,True,False,True,True,1000,13132281349415936589,0.0,0.0,0.0,available,927,741,0.7993527508090615
sc,ets2_g1_dn_without_comparators,5,1630,0,1616,True,False,True,True,1000,13132281349415936589,,0.0023810285700489615,0.0023737316801680656,available,927,741,0.7993527508090615
sc,ets2_g1_dn_without_comparators,6,1630,0,1603,True,False,True,True,1000,13132281349415936589,,0.009926213459080875,0.009920418546338001,available,927,741,0.7993527508090615
sc,ets2_g1_dn_without_comparators,7,1630,2,1595,True,False,True,True,1000,13132281349415936589,0.023202742134747933,0.024014248367740524,0.024025671027657677,available,927,741,0.7993527508090615
sc,ets2_g1_dn_without_comparators,8,1630,2,1580,True,False,True,True,1000,13132281349415936589,0.037556458401117744,0.05493515984168826,0.05500926623783899,available,927,741,0.7993527508090615
sc,ets2_g1_dn_without_comparators,9,1630,3,1571,True,False,True,True,1000,13132281349415936589,0.12850845651657725,0.11539213697268587,0.11520595048862331,available,927,741,0.7993527508090615
sc,ets2_g1_dn_without_comparators,10,1630,7,1558,True,False,True,True,1000,13132281349415936589,0.26498102949863345,0.22968461007600863,0.2294974087651722,available,927,741,0.7993527508090615
sc,ets2_g1_dn_without_comparators,11,1630,3,1529,True,False,True,True,1000,13132281349415936589,0.415182414242459,0.4484713287345,0.4483953566474491,available,927,741,0.7993527508090615
sc,ets2_g1_dn_without_comparators,12,1630,24,1471,True,False,True,True,1000,13132281349415936589,0.8854286459959096,0.8706167727366309,0.8706450924194805,available,927,741,0.7993527508090615
sc,ets2_g1_dn_without_comparators,13,1630,53,1430,True,False,True,True,1000,13132281349415936589,1.7025149082187658,1.6201276085087817,1.6166463270302085,available,927,741,0.7993527508090615
sc,ets2_g1_dn_without_comparators,14,1630,81,1372,True,False,True,True,1000,13132281349415936589,2.577724605658276,2.541052623471498,2.540997086934204,available,927,741,0.7993527508090615
sc,ets2_g1_dn_without_comparators,15,1630,82,1331,True,False,True,True,1000,13132281349415936589,3.367888350102504,3.3858324059171654,3.3888363975871947,available,927,741,0.7993527508090615
sc,ets2_g1_dn_without_comparators,16,1629,98,1306,True,False,True,True,1000,13132281349415936589,4.12130060814994,4.118657023768697,4.120292052528254,available,927,741,0.7993527508090615
sc,ets2_g1_dn_without_comparators,17,1629,92,1279,True,False,True,True,1000,13132281349415936589,4.825851346376841,4.806751094742843,4.80353742892103,available,927,741,0.7993527508090615
sc,ets2_g1_dn_without_comparators,18,1629,132,1220,True,False,True,True,1000,13132281349415936589,5.63374453479386,5.611965115351811,5.60854960123451,available,927,741,0.7993527508090615
sc,ets2_g1_dn_without_comparators,19,1629,159,1042,True,False,True,True,1000,13132281349415936589,7.349961009567295,7.499159459140097,7.365945206780901,available,927,741,0.7993527508090615
sn,ets2_g1_dn,0,1630,11,1521,True,False,True,True,1000,12030064899870593299,0.0,0.0,0.0,available,927,906,0.9773462783171522
sn,ets2_g1_dn,1,1630,3,1612,True,False,True,True,1000,12030064899870593299,0.0,0.0,0.0,available,927,906,0.9773462783171522
sn,ets2_g1_dn,2,1630,1,1622,True,False,True,True,1000,12030064899870593299,0.0,0.0,0.0,available,927,906,0.9773462783171522
sn,ets2_g1_dn,3,1630,2,1624,True,False,True,True,1000,12030064899870593299,0.0,0.0,0.0,available,927,906,0.9773462783171522
sn,ets2_g1_dn,4,1630,4,1620,True,False,True,True,1000,12030064899870593299,0.0,0.0,0.0,available,927,906,0.9773462783171522
sn,ets2_g1_dn,5,1630,4,1585,True,False,True,True,1000,12030064899870593299,0.04496450062920989,0.05394197651831965,0.053768099329319766,available,927,906,0.9773462783171522
sn,ets2_g1_dn,6,1630,4,1590,True,False,True,True,1000,12030064899870593299,0.13782529210328828,0.13452417154730717,0.13448281964843248,available,927,906,0.9773462783171522
sn,ets2_g1_dn,7,1630,3,1587,True,False,True,True,1000,12030064899870593299,0.2522049296149075,0.24762965603871562,0.2475576477854199,available,927,906,0.9773462783171522
sn,ets2_g1_dn,8,1630,7,1570,True,False,True,True,1000,12030064899870593299,0.3886409558952056,0.41367545690030716,0.41380243035136377,available,927,906,0.9773462783171522
sn,ets2_g1_dn,9,1630,12,1546,True,False,True,True,1000,12030064899870593299,0.6662634319716613,0.6545542769989727,0.6545602220003945,available,927,906,0.9773462783171522
sn,ets2_g1_dn,10,1630,24,1530,True,False,True,True,1000,12030064899870593299,0.9921612494956248,0.9925561974162908,0.9928908195740742,available,927,906,0.9773462783171522
sn,ets2_g1_dn,11,1630,23,1515,True,False,True,True,1000,12030064899870593299,1.4760975759951873,1.4554519195365327,1.4549269931307338,available,927,906,0.9773462783171522
sn,ets2_g1_dn,12,1630,51,1480,True,False,True,True,1000,12030064899870593299,2.0220636842500146,1.9975039851851057,1.9936122701341987,available,927,906,0.9773462783171522
sn,ets2_g1_dn,13,1630,62,1431,True,False,True,True,1000,12030064899870593299,2.65436530873623,2.5974942356422113,2.5935770454405858,available,927,906,0.9773462783171522
sn,ets2_g1_dn,14,1630,58,1419,True,False,True,True,1000,12030064899870593299,3.2241100408725747,3.253605113218695,3.2536956024943464,available,927,906,0.9773462783171522
sn,ets2_g1_dn,15,1630,70,1371,True,False,True,True,1000,12030064899870593299,3.9599691055663455,3.915338597260574,3.910571558275951,available,927,906,0.9773462783171522
sn,ets2_g1_dn,16,1629,92,1337,True,False,True,True,1000,12030064899870593299,4.686221893830608,4.6357617805207765,4.6328886071206306,available,927,906,0.9773462783171522
sn,ets2_g1_dn,17,1629,128,1274,True,False,True,True,1000,12030064899870593299,5.474555397734754,5.428150368143019,5.420488457640739,available,927,906,0.9773462783171522
sn,ets2_g1_dn,18,1629,133,1242,True,False,True,True,1000,12030064899870593299,6.407619438202812,6.375773781648957,6.373979707237079,available,927,906,0.9773462783171522
sn,ets2_g1_dn,19,1629,214,1107,True,False,True,True,1000,12030064899870593299,8.285741132005644,7.992899827946086,7.951823074496023,available,927,906,0.9773462783171522
sn,ets2_g1_up,0,1630,5,1521,True,False,True,True,1000,6162838370880202296,0.0,0.0,0.0,available,668,583,0.8727544910179641
sn,ets2_g1_up,1,1630,1,1612,True,False,True,True,1000,6162838370880202296,0.0,0.0,0.0,available,668,583,0.8727544910179641
sn,ets2_g1_up,2,1630,1,1622,True,False,True,True,1000,6162838370880202296,0.0,0.0,0.0,available,668,583,0.8727544910179641
sn,ets2_g1_up,3,1630,0,1624,True,False,True,True,1000,6162838370880202296,,0.0,0.0,available,668,583,0.8727544910179641
sn,ets2_g1_up,4,1630,1,1620,True,False,True,True,1000,6162838370880202296,0.0,0.0,0.0,available,668,583,0.8727544910179641
sn,ets2_g1_up,5,1630,4,1585,True,False,True,True,1000,6162838370880202296,0.05737268506118365,0.05394197651831965,0.053768099329319766,available,668,583,0.8727544910179641
sn,ets2_g1_up,6,1630,4,1590,True,False,True,True,1000,6162838370880202296,0.11726120564237305,0.13452417154730717,0.13448281964843248,available,668,583,0.8727544910179641
sn,ets2_g1_up,7,1630,5,1587,True,False,True,True,1000,6162838370880202296,0.20728782957617575,0.24762965603871562,0.2475576477854199,available,668,583,0.8727544910179641
sn,ets2_g1_up,8,1630,1,1570,True,False,True,True,1000,6162838370880202296,0.40103941291623935,0.41367545690030716,0.41380243035136377,available,668,583,0.8727544910179641
sn,ets2_g1_up,9,1630,12,1546,True,False,True,True,1000,6162838370880202296,0.6376820167375864,0.6545542769989727,0.6545602220003945,available,668,583,0.8727544910179641
sn,ets2_g1_up,10,1630,16,1530,True,False,True,True,1000,6162838370880202296,0.9873626047118298,0.9925561974162908,0.9928908195740742,available,668,583,0.8727544910179641
sn,ets2_g1_up,11,1630,18,1515,True,False,True,True,1000,6162838370880202296,1.4550698977646075,1.4554519195365327,1.4549269931307338,available,668,583,0.8727544910179641
sn,ets2_g1_up,12,1630,26,1480,True,False,True,True,1000,6162838370880202296,2.018602459958078,1.9975039851851057,1.9936122701341987,available,668,583,0.8727544910179641
sn,ets2_g1_up,13,1630,41,1431,True,False,True,True,1000,6162838370880202296,2.6141446260792,2.5974942356422113,2.5935770454405858,available,668,583,0.8727544910179641
sn,ets2_g1_up,14,1630,49,1419,True,False,True,True,1000,6162838370880202296,3.2767709994957483,3.253605113218695,3.2536956024943464,available,668,583,0.8727544910179641
sn,ets2_g1_up,15,1630,56,1371,True,False,True,True,1000,6162838370880202296,3.9313962142117886,3.915338597260574,3.910571558275951,available,668,583,0.8727544910179641
sn,ets2_g1_up,16,1629,80,1337,True,False,True,True,1000,6162838370880202296,4.663206770497922,4.6357617805207765,4.6328886071206306,available,668,583,0.8727544910179641
sn,ets2_g1_up,17,1629,77,1274,True,False,True,True,1000,6162838370880202296,5.4469803060846465,5.428150368143019,5.420488457640739,available,668,583,0.8727544910179641
sn,ets2_g1_up,18,1629,89,1242,True,False,True,True,1000,6162838370880202296,6.353750871690691,6.375773781648957,6.373979707237079,available,668,583,0.8727544910179641
sn,ets2_g1_up,19,1629,97,1107,True,False,True,True,1000,6162838370880202296,7.941297006398186,7.992899827946086,7.951823074496023,available,668,583,0.8727544910179641
sn,ets2_g2_dn,0,1630,14,1521,True,False,True,True,1000,14281556401289023577,0.0,0.0,0.0,available,875,859,0.9817142857142858
sn,ets2_g2_dn,1,1630,2,1612,True,False,True,True,1000,14281556401289023577,0.0,0.0,0.0,available,875,859,0.9817142857142858
sn,ets2_g2_dn,2,1630,2,1622,True,False,True,True,1000,14281556401289023577,0.0,0.0,0.0,available,875,859,0.9817142857142858
sn,ets2_g2_dn,3,1630,2,1624,True,False,True,True,1000,14281556401289023577,0.0,0.0,0.0,available,875,859,0.9817142857142858
sn,ets2_g2_dn,4,1630,4,1620,True,False,True,True,1000,14281556401289023577,0.0,0.0,0.0,available,875,859,0.9817142857142858
sn,ets2_g2_dn,5,1630,4,1585,True,False,True,True,1000,14281556401289023577,0.052346925053344914,0.05394197651831965,0.053768099329319766,available,875,859,0.9817142857142858
sn,ets2_g2_dn,6,1630,5,1590,True,False,True,True,1000,14281556401289023577,0.14570543136667874,0.13452417154730717,0.13448281964843248,available,875,859,0.9817142857142858
sn,ets2_g2_dn,7,1630,3,1587,True,False,True,True,1000,14281556401289023577,0.23923538697777888,0.24762965603871562,0.2475576477854199,available,875,859,0.9817142857142858
sn,ets2_g2_dn,8,1630,6,1570,True,False,True,True,1000,14281556401289023577,0.4103043118125464,0.41367545690030716,0.41380243035136377,available,875,859,0.9817142857142858
sn,ets2_g2_dn,9,1630,7,1546,True,False,True,True,1000,14281556401289023577,0.6558357012067076,0.6545542769989727,0.6545602220003945,available,875,859,0.9817142857142858
sn,ets2_g2_dn,10,1630,21,1530,True,False,True,True,1000,14281556401289023577,0.9931072755038477,0.9925561974162908,0.9928908195740742,available,875,859,0.9817142857142858
sn,ets2_g2_dn,11,1630,20,1515,True,False,True,True,1000,14281556401289023577,1.4868641368981803,1.4554519195365327,1.4549269931307338,available,875,859,0.9817142857142858
sn,ets2_g2_dn,12,1630,32,1480,True,False,True,True,1000,14281556401289023577,2.0051479891914807,1.9975039851851057,1.9936122701341987,available,875,859,0.9817142857142858
sn,ets2_g2_dn,13,1630,53,1431,True,False,True,True,1000,14281556401289023577,2.6310056497635173,2.5974942356422113,2.5935770454405858,available,875,859,0.9817142857142858
sn,ets2_g2_dn,14,1630,59,1419,True,False,True,True,1000,14281556401289023577,3.223024573776346,3.253605113218695,3.2536956024943464,available,875,859,0.9817142857142858
sn,ets2_g2_dn,15,1630,71,1371,True,False,True,True,1000,14281556401289023577,3.9645005886271725,3.915338597260574,3.910571558275951,available,875,859,0.9817142857142858
sn,ets2_g2_dn,16,1629,86,1337,True,False,True,True,1000,14281556401289023577,4.651759180985016,4.6357617805207765,4.6328886071206306,available,875,859,0.9817142857142858
sn,ets2_g2_dn,17,1629,126,1274,True,False,True,True,1000,14281556401289023577,5.473381020018543,5.428150368143019,5.420488457640739,available,875,859,0.9817142857142858
sn,ets2_g2_dn,18,1629,128,1242,True,False,True,True,1000,14281556401289023577,6.414684040197308,6.375773781648957,6.373979707237079,available,875,859,0.9817142857142858
sn,ets2_g2_dn,19,1629,214,1107,True,False,True,True,1000,14281556401289023577,8.23834680141335,7.992899827946086,7.951823074496023,available,875,859,0.9817142857142858
sn,chr21_dn,0,1630,2,1521,True,False,True,True,1000,10954994480207589880,0.0,0.0,0.0,available,141,135,0.9574468085106383
sn,chr21_dn,1,1630,1,1612,True,False,True,True,1000,10954994480207589880,0.0,0.0,0.0,available,141,135,0.9574468085106383
sn,chr21_dn,2,1630,0,1622,True,False,True,True,1000,10954994480207589880,,0.0,0.0,available,141,135,0.9574468085106383
sn,chr21_dn,3,1630,0,1624,True,False,True,True,1000,10954994480207589880,,0.0,0.0,available,141,135,0.9574468085106383
sn,chr21_dn,4,1630,0,1620,True,False,True,True,1000,10954994480207589880,,0.0,0.0,available,141,135,0.9574468085106383
sn,chr21_dn,5,1630,0,1585,True,False,True,True,1000,10954994480207589880,,0.05394197651831965,0.053768099329319766,available,141,135,0.9574468085106383
sn,chr21_dn,6,1630,1,1590,True,False,True,True,1000,10954994480207589880,0.1473667649256778,0.13452417154730717,0.13448281964843248,available,141,135,0.9574468085106383
sn,chr21_dn,7,1630,0,1587,True,False,True,True,1000,10954994480207589880,,0.24762965603871562,0.2475576477854199,available,141,135,0.9574468085106383
sn,chr21_dn,8,1630,2,1570,True,False,True,True,1000,10954994480207589880,0.40403160916179354,0.41367545690030716,0.41380243035136377,available,141,135,0.9574468085106383
sn,chr21_dn,9,1630,0,1546,True,False,True,True,1000,10954994480207589880,,0.6545542769989727,0.6545602220003945,available,141,135,0.9574468085106383
sn,chr21_dn,10,1630,1,1530,True,False,True,True,1000,10954994480207589880,1.1664267054793258,0.9925561974162908,0.9928908195740742,available,141,135,0.9574468085106383
sn,chr21_dn,11,1630,4,1515,True,False,True,True,1000,10954994480207589880,1.4113822226072155,1.4554519195365327,1.4549269931307338,available,141,135,0.9574468085106383
sn,chr21_dn,12,1630,6,1480,True,False,True,True,1000,10954994480207589880,2.0665571914567056,1.9975039851851057,1.9936122701341987,available,141,135,0.9574468085106383
sn,chr21_dn,13,1630,8,1431,True,False,True,True,1000,10954994480207589880,2.565275705917241,2.5974942356422113,2.5935770454405858,available,141,135,0.9574468085106383
sn,chr21_dn,14,1630,6,1419,True,False,True,True,1000,10954994480207589880,3.2464341018377687,3.253605113218695,3.2536956024943464,available,141,135,0.9574468085106383
sn,chr21_dn,15,1630,9,1371,True,False,True,True,1000,10954994480207589880,4.065104636465676,3.915338597260574,3.910571558275951,available,141,135,0.9574468085106383
sn,chr21_dn,16,1629,11,1337,True,False,True,True,1000,10954994480207589880,4.6631670739552575,4.6357617805207765,4.6328886071206306,available,141,135,0.9574468085106383
sn,chr21_dn,17,1629,17,1274,True,False,True,True,1000,10954994480207589880,5.535010916390464,5.428150368143019,5.420488457640739,available,141,135,0.9574468085106383
sn,chr21_dn,18,1629,25,1242,True,False,True,True,1000,10954994480207589880,6.461837784502546,6.375773781648957,6.373979707237079,available,141,135,0.9574468085106383
sn,chr21_dn,19,1629,42,1107,True,False,True,True,1000,10954994480207589880,8.35736562851309,7.992899827946086,7.951823074496023,available,141,135,0.9574468085106383
sn,inflammation,0,1630,56,1521,True,False,True,True,1000,17295861444956190590,0.0,0.0,0.0,available,815,751,0.9214723926380368
sn,inflammation,1,1630,7,1612,True,False,True,True,1000,17295861444956190590,0.0,0.0,0.0,available,815,751,0.9214723926380368
sn,inflammation,2,1630,5,1622,True,False,True,True,1000,17295861444956190590,0.0,0.0,0.0,available,815,751,0.9214723926380368
sn,inflammation,3,1630,3,1624,True,False,True,True,1000,17295861444956190590,0.0,0.0,0.0,available,815,751,0.9214723926380368
sn,inflammation,4,1630,2,1620,True,False,True,True,1000,17295861444956190590,0.0,0.0,0.0,available,815,751,0.9214723926380368
sn,inflammation,5,1630,19,1585,True,False,True,True,1000,17295861444956190590,0.05506899703545707,0.05394197651831965,0.053768099329319766,available,815,751,0.9214723926380368
sn,inflammation,6,1630,17,1590,True,False,True,True,1000,17295861444956190590,0.13379410534464176,0.13452417154730717,0.13448281964843248,available,815,751,0.9214723926380368
sn,inflammation,7,1630,18,1587,True,False,True,True,1000,17295861444956190590,0.2545570838294435,0.24762965603871562,0.2475576477854199,available,815,751,0.9214723926380368
sn,inflammation,8,1630,30,1570,True,False,True,True,1000,17295861444956190590,0.40151462259854576,0.41367545690030716,0.41380243035136377,available,815,751,0.9214723926380368
sn,inflammation,9,1630,42,1546,True,False,True,True,1000,17295861444956190590,0.6449078781920763,0.6545542769989727,0.6545602220003945,available,815,751,0.9214723926380368
sn,inflammation,10,1630,41,1530,True,False,True,True,1000,17295861444956190590,0.9803449147080033,0.9925561974162908,0.9928908195740742,available,815,751,0.9214723926380368
sn,inflammation,11,1630,28,1515,True,False,True,True,1000,17295861444956190590,1.4485661165695167,1.4554519195365327,1.4549269931307338,available,815,751,0.9214723926380368
sn,inflammation,12,1630,43,1480,True,False,True,True,1000,17295861444956190590,2.0640419109896464,1.9975039851851057,1.9936122701341987,available,815,751,0.9214723926380368
sn,inflammation,13,1630,58,1431,True,False,True,True,1000,17295861444956190590,2.641113365168837,2.5974942356422113,2.5935770454405858,available,815,751,0.9214723926380368
sn,inflammation,14,1630,47,1419,True,False,True,True,1000,17295861444956190590,3.2121015453429203,3.253605113218695,3.2536956024943464,available,815,751,0.9214723926380368
sn,inflammation,15,1630,47,1371,True,False,True,True,1000,17295861444956190590,3.947685649963208,3.915338597260574,3.910571558275951,available,815,751,0.9214723926380368
sn,inflammation,16,1629,55,1337,True,False,True,True,1000,17295861444956190590,4.670786214094849,4.6357617805207765,4.6328886071206306,available,815,751,0.9214723926380368
sn,inflammation,17,1629,57,1274,True,False,True,True,1000,17295861444956190590,5.489572318673279,5.428150368143019,5.420488457640739,available,815,751,0.9214723926380368
sn,inflammation,18,1629,73,1242,True,False,True,True,1000,17295861444956190590,6.385429631751119,6.375773781648957,6.373979707237079,available,815,751,0.9214723926380368
sn,inflammation,19,1629,103,1107,True,False,True,True,1000,17295861444956190590,7.929277683893234,7.992899827946086,7.951823074496023,available,815,751,0.9214723926380368
sn,interferon_gamma,0,1630,10,1521,True,False,True,True,1000,11537071810711208182,0.0,0.0,0.0,available,139,137,0.9856115107913669
sn,interferon_gamma,1,1630,0,1612,True,False,True,True,1000,11537071810711208182,,0.0,0.0,available,139,137,0.9856115107913669
sn,interferon_gamma,2,1630,0,1622,True,False,True,True,1000,11537071810711208182,,0.0,0.0,available,139,137,0.9856115107913669
sn,interferon_gamma,3,1630,0,1624,True,False,True,True,1000,11537071810711208182,,0.0,0.0,available,139,137,0.9856115107913669
sn,interferon_gamma,4,1630,1,1620,True,False,True,True,1000,11537071810711208182,0.0,0.0,0.0,available,139,137,0.9856115107913669
sn,interferon_gamma,5,1630,5,1585,True,False,True,True,1000,11537071810711208182,0.05278825746946303,0.05394197651831965,0.053768099329319766,available,139,137,0.9856115107913669
sn,interferon_gamma,6,1630,5,1590,True,False,True,True,1000,11537071810711208182,0.1344814064314897,0.13452417154730717,0.13448281964843248,available,139,137,0.9856115107913669
sn,interferon_gamma,7,1630,0,1587,True,False,True,True,1000,11537071810711208182,,0.24762965603871562,0.2475576477854199,available,139,137,0.9856115107913669
sn,interferon_gamma,8,1630,5,1570,True,False,True,True,1000,11537071810711208182,0.4050354936812501,0.41367545690030716,0.41380243035136377,available,139,137,0.9856115107913669
sn,interferon_gamma,9,1630,7,1546,True,False,True,True,1000,11537071810711208182,0.6726902334620154,0.6545542769989727,0.6545602220003945,available,139,137,0.9856115107913669
sn,interferon_gamma,10,1630,7,1530,True,False,True,True,1000,11537071810711208182,1.0352722474477116,0.9925561974162908,0.9928908195740742,available,139,137,0.9856115107913669
sn,interferon_gamma,11,1630,4,1515,True,False,True,True,1000,11537071810711208182,1.431724480633799,1.4554519195365327,1.4549269931307338,available,139,137,0.9856115107913669
sn,interferon_gamma,12,1630,7,1480,True,False,True,True,1000,11537071810711208182,1.9762786334117393,1.9975039851851057,1.9936122701341987,available,139,137,0.9856115107913669
sn,interferon_gamma,13,1630,6,1431,True,False,True,True,1000,11537071810711208182,2.6032655978765993,2.5974942356422113,2.5935770454405858,available,139,137,0.9856115107913669
sn,interferon_gamma,14,1630,8,1419,True,False,True,True,1000,11537071810711208182,3.2779224438293677,3.253605113218695,3.2536956024943464,available,139,137,0.9856115107913669
sn,interferon_gamma,15,1630,10,1371,True,False,True,True,1000,11537071810711208182,3.892110175648072,3.915338597260574,3.910571558275951,available,139,137,0.9856115107913669
sn,interferon_gamma,16,1629,9,1337,True,False,True,True,1000,11537071810711208182,4.531887662565764,4.6357617805207765,4.6328886071206306,available,139,137,0.9856115107913669
sn,interferon_gamma,17,1629,16,1274,True,False,True,True,1000,11537071810711208182,5.474203882266109,5.428150368143019,5.420488457640739,available,139,137,0.9856115107913669
sn,interferon_gamma,18,1629,20,1242,True,False,True,True,1000,11537071810711208182,6.4565776363660445,6.375773781648957,6.373979707237079,available,139,137,0.9856115107913669
sn,interferon_gamma,19,1629,17,1107,True,False,True,True,1000,11537071810711208182,8.239164992575757,7.992899827946086,7.951823074496023,available,139,137,0.9856115107913669
sn,oxidative_stress,0,1630,12,1521,True,False,True,True,1000,4980284070502907260,0.0,0.0,0.0,available,436,419,0.9610091743119266
sn,oxidative_stress,1,1630,3,1612,True,False,True,True,1000,4980284070502907260,0.0,0.0,0.0,available,436,419,0.9610091743119266
sn,oxidative_stress,2,1630,0,1622,True,False,True,True,1000,4980284070502907260,,0.0,0.0,available,436,419,0.9610091743119266
sn,oxidative_stress,3,1630,2,1624,True,False,True,True,1000,4980284070502907260,0.0,0.0,0.0,available,436,419,0.9610091743119266
sn,oxidative_stress,4,1630,0,1620,True,False,True,True,1000,4980284070502907260,,0.0,0.0,available,436,419,0.9610091743119266
sn,oxidative_stress,5,1630,8,1585,True,False,True,True,1000,4980284070502907260,0.07795870406635616,0.05394197651831965,0.053768099329319766,available,436,419,0.9610091743119266
sn,oxidative_stress,6,1630,5,1590,True,False,True,True,1000,4980284070502907260,0.13162244254750613,0.13452417154730717,0.13448281964843248,available,436,419,0.9610091743119266
sn,oxidative_stress,7,1630,8,1587,True,False,True,True,1000,4980284070502907260,0.25269514423845035,0.24762965603871562,0.2475576477854199,available,436,419,0.9610091743119266
sn,oxidative_stress,8,1630,11,1570,True,False,True,True,1000,4980284070502907260,0.41803512576960494,0.41367545690030716,0.41380243035136377,available,436,419,0.9610091743119266
sn,oxidative_stress,9,1630,10,1546,True,False,True,True,1000,4980284070502907260,0.6819791052266723,0.6545542769989727,0.6545602220003945,available,436,419,0.9610091743119266
sn,oxidative_stress,10,1630,14,1530,True,False,True,True,1000,4980284070502907260,0.9632073417713078,0.9925561974162908,0.9928908195740742,available,436,419,0.9610091743119266
sn,oxidative_stress,11,1630,28,1515,True,False,True,True,1000,4980284070502907260,1.4482179134078754,1.4554519195365327,1.4549269931307338,available,436,419,0.9610091743119266
sn,oxidative_stress,12,1630,16,1480,True,False,True,True,1000,4980284070502907260,2.0817153117554037,1.9975039851851057,1.9936122701341987,available,436,419,0.9610091743119266
sn,oxidative_stress,13,1630,21,1431,True,False,True,True,1000,4980284070502907260,2.5832463643426524,2.5974942356422113,2.5935770454405858,available,436,419,0.9610091743119266
sn,oxidative_stress,14,1630,32,1419,True,False,True,True,1000,4980284070502907260,3.247401910869222,3.253605113218695,3.2536956024943464,available,436,419,0.9610091743119266
sn,oxidative_stress,15,1630,44,1371,True,False,True,True,1000,4980284070502907260,3.926180315892009,3.915338597260574,3.910571558275951,available,436,419,0.9610091743119266
sn,oxidative_stress,16,1629,41,1337,True,False,True,True,1000,4980284070502907260,4.649383518513713,4.6357617805207765,4.6328886071206306,available,436,419,0.9610091743119266
sn,oxidative_stress,17,1629,53,1274,True,False,True,True,1000,4980284070502907260,5.415392540854761,5.428150368143019,5.420488457640739,available,436,419,0.9610091743119266
sn,oxidative_stress,18,1629,50,1242,True,False,True,True,1000,4980284070502907260,6.428792852537573,6.375773781648957,6.373979707237079,available,436,419,0.9610091743119266
sn,oxidative_stress,19,1629,61,1107,True,False,True,True,1000,4980284070502907260,8.135997558730363,7.992899827946086,7.951823074496023,available,436,419,0.9610091743119266
sn,apoptotic_signaling,0,1630,32,1521,True,False,True,True,1000,3660598527769983661,0.0,0.0,0.0,available,588,573,0.9744897959183674
sn,apoptotic_signaling,1,1630,5,1612,True,False,True,True,1000,3660598527769983661,0.0,0.0,0.0,available,588,573,0.9744897959183674
sn,apoptotic_signaling,2,1630,1,1622,True,False,True,True,1000,3660598527769983661,0.0,0.0,0.0,available,588,573,0.9744897959183674
sn,apoptotic_signaling,3,1630,2,1624,True,False,True,True,1000,3660598527769983661,0.0,0.0,0.0,available,588,573,0.9744897959183674
sn,apoptotic_signaling,4,1630,2,1620,True,False,True,True,1000,3660598527769983661,0.0,0.0,0.0,available,588,573,0.9744897959183674
sn,apoptotic_signaling,5,1630,14,1585,True,False,True,True,1000,3660598527769983661,0.05036188224690958,0.05394197651831965,0.053768099329319766,available,588,573,0.9744897959183674
sn,apoptotic_signaling,6,1630,9,1590,True,False,True,True,1000,3660598527769983661,0.14210560754838195,0.13452417154730717,0.13448281964843248,available,588,573,0.9744897959183674
sn,apoptotic_signaling,7,1630,14,1587,True,False,True,True,1000,3660598527769983661,0.2662300966006939,0.24762965603871562,0.2475576477854199,available,588,573,0.9744897959183674
sn,apoptotic_signaling,8,1630,15,1570,True,False,True,True,1000,3660598527769983661,0.40556340927077345,0.41367545690030716,0.41380243035136377,available,588,573,0.9744897959183674
sn,apoptotic_signaling,9,1630,17,1546,True,False,True,True,1000,3660598527769983661,0.6589497514973265,0.6545542769989727,0.6545602220003945,available,588,573,0.9744897959183674
sn,apoptotic_signaling,10,1630,13,1530,True,False,True,True,1000,3660598527769983661,1.0052821683876874,0.9925561974162908,0.9928908195740742,available,588,573,0.9744897959183674
sn,apoptotic_signaling,11,1630,26,1515,True,False,True,True,1000,3660598527769983661,1.4598294494526296,1.4554519195365327,1.4549269931307338,available,588,573,0.9744897959183674
sn,apoptotic_signaling,12,1630,28,1480,True,False,True,True,1000,3660598527769983661,2.0311313935544413,1.9975039851851057,1.9936122701341987,available,588,573,0.9744897959183674
sn,apoptotic_signaling,13,1630,35,1431,True,False,True,True,1000,3660598527769983661,2.598993169296479,2.5974942356422113,2.5935770454405858,available,588,573,0.9744897959183674
sn,apoptotic_signaling,14,1630,44,1419,True,False,True,True,1000,3660598527769983661,3.2489020020715,3.253605113218695,3.2536956024943464,available,588,573,0.9744897959183674
sn,apoptotic_signaling,15,1630,51,1371,True,False,True,True,1000,3660598527769983661,3.9508738959039307,3.915338597260574,3.910571558275951,available,588,573,0.9744897959183674
sn,apoptotic_signaling,16,1629,55,1337,True,False,True,True,1000,3660598527769983661,4.636137805521964,4.6357617805207765,4.6328886071206306,available,588,573,0.9744897959183674
sn,apoptotic_signaling,17,1629,51,1274,True,False,True,True,1000,3660598527769983661,5.424077868781502,5.428150368143019,5.420488457640739,available,588,573,0.9744897959183674
sn,apoptotic_signaling,18,1629,63,1242,True,False,True,True,1000,3660598527769983661,6.346677321849004,6.375773781648957,6.373979707237079,available,588,573,0.9744897959183674
sn,apoptotic_signaling,19,1629,96,1107,True,False,True,True,1000,3660598527769983661,7.932765623395103,7.992899827946086,7.951823074496023,available,588,573,0.9744897959183674
sn,ets2_g1_dn_without_comparators,0,1630,8,1521,True,False,True,True,1000,4341685478974119693,0.0,0.0,0.0,available,927,741,0.7993527508090615
sn,ets2_g1_dn_without_comparators,1,1630,3,1612,True,False,True,True,1000,4341685478974119693,0.0,0.0,0.0,available,927,741,0.7993527508090615
sn,ets2_g1_dn_without_comparators,2,1630,1,1622,True,False,True,True,1000,4341685478974119693,0.0,0.0,0.0,available,927,741,0.7993527508090615
sn,ets2_g1_dn_without_comparators,3,1630,2,1624,True,False,True,True,1000,4341685478974119693,0.0,0.0,0.0,available,927,741,0.7993527508090615
sn,ets2_g1_dn_without_comparators,4,1630,4,1620,True,False,True,True,1000,4341685478974119693,0.0,0.0,0.0,available,927,741,0.7993527508090615
sn,ets2_g1_dn_without_comparators,5,1630,1,1585,True,False,True,True,1000,4341685478974119693,0.05681044828388481,0.05394197651831965,0.053768099329319766,available,927,741,0.7993527508090615
sn,ets2_g1_dn_without_comparators,6,1630,3,1590,True,False,True,True,1000,4341685478974119693,0.13464480116249175,0.13452417154730717,0.13448281964843248,available,927,741,0.7993527508090615
sn,ets2_g1_dn_without_comparators,7,1630,3,1587,True,False,True,True,1000,4341685478974119693,0.2522049296149075,0.24762965603871562,0.2475576477854199,available,927,741,0.7993527508090615
sn,ets2_g1_dn_without_comparators,8,1630,6,1570,True,False,True,True,1000,4341685478974119693,0.3987643161575362,0.41367545690030716,0.41380243035136377,available,927,741,0.7993527508090615
sn,ets2_g1_dn_without_comparators,9,1630,9,1546,True,False,True,True,1000,4341685478974119693,0.6590182952133383,0.6545542769989727,0.6545602220003945,available,927,741,0.7993527508090615
sn,ets2_g1_dn_without_comparators,10,1630,17,1530,True,False,True,True,1000,4341685478974119693,1.0110355486416238,0.9925561974162908,0.9928908195740742,available,927,741,0.7993527508090615
sn,ets2_g1_dn_without_comparators,11,1630,19,1515,True,False,True,True,1000,4341685478974119693,1.480724841374351,1.4554519195365327,1.4549269931307338,available,927,741,0.7993527508090615
sn,ets2_g1_dn_without_comparators,12,1630,40,1480,True,False,True,True,1000,4341685478974119693,2.0245052420060894,1.9975039851851057,1.9936122701341987,available,927,741,0.7993527508090615
sn,ets2_g1_dn_without_comparators,13,1630,51,1431,True,False,True,True,1000,4341685478974119693,2.6500711546235567,2.5974942356422113,2.5935770454405858,available,927,741,0.7993527508090615
sn,ets2_g1_dn_without_comparators,14,1630,40,1419,True,False,True,True,1000,4341685478974119693,3.25909713955886,3.253605113218695,3.2536956024943464,available,927,741,0.7993527508090615
sn,ets2_g1_dn_without_comparators,15,1630,66,1371,True,False,True,True,1000,4341685478974119693,3.9524091316182757,3.915338597260574,3.910571558275951,available,927,741,0.7993527508090615
sn,ets2_g1_dn_without_comparators,16,1629,75,1337,True,False,True,True,1000,4341685478974119693,4.6828126815452435,4.6357617805207765,4.6328886071206306,available,927,741,0.7993527508090615
sn,ets2_g1_dn_without_comparators,17,1629,105,1274,True,False,True,True,1000,4341685478974119693,5.466970030766453,5.428150368143019,5.420488457640739,available,927,741,0.7993527508090615
sn,ets2_g1_dn_without_comparators,18,1629,109,1242,True,False,True,True,1000,4341685478974119693,6.402977071511965,6.375773781648957,6.373979707237079,available,927,741,0.7993527508090615
sn,ets2_g1_dn_without_comparators,19,1629,179,1107,True,False,True,True,1000,4341685478974119693,8.29811693156015,7.992899827946086,7.951823074496023,available,927,741,0.7993527508090615
