source_member,column,row_index,ensembl_id,is_excluded,exclusion_reason
RNA-seq/RNAseq_biopsies/ets2_genesetsENSG_MASTER.csv,ETS2g1_DN,2,ENSG00000157557,true,exclude_target_ETS2
RNA-seq/RNAseq_biopsies/ets2_genesetsENSG_MASTER.csv,ETS2g1_DN,3,ENSG00000106034,false,
RNA-seq/RNAseq_biopsies/ets2_genesetsENSG_MASTER.csv,ETS2g1_DN,4,ENSG00000131018,false,
RNA-seq/RNAseq_biopsies/ets2_genesetsENSG_MASTER.csv,ETS2g1_DN,5,ENSG00000104894,false,
RNA-seq/RNAseq_biopsies/ets2_genesetsENSG_MASTER.csv,ETS2g1_DN,6,ENSG00000143110,false,
RNA-seq/RNAseq_biopsies/ets2_genesetsENSG_MASTER.csv,ETS2g1_DN,7,ENSG00000104043,false,
RNA-seq/RNAseq_biopsies/ets2_genesetsENSG_MASTER.csv,ETS2g1_DN,8,ENSG00000064886,false,
RNA-seq/RNAseq_biopsies/ets2_genesetsENSG_MASTER.csv,ETS2g1_DN,9,ENSG00000164691,false,
RNA-seq/RNAseq_biopsies/ets2_genesetsENSG_MASTER.csv,ETS2g1_DN,10,ENSG00000111961,false,
RNA-seq/RNAseq_biopsies/ets2_genesetsENSG_MASTER.csv,ETS2g1_DN,11,ENSG00000139572,false,
RNA-seq/RNAseq_biopsies/ets2_genesetsENSG_MASTER.csv,ETS2g1_DN,12,ENSG00000132965,false,
RNA-seq/RNAseq_biopsies/ets2_genesetsENSG_MASTER.csv,ETS2g1_DN,13,ENSG00000115008,false,
RNA-seq/RNAseq_biopsies/ets2_genesetsENSG_MASTER.csv,ETS2g1_DN,14,ENSG00000161955,false,
RNA-seq/RNAseq_biopsies/ets2_genesetsENSG_MASTER.csv,ETS2g1_DN,15,ENSG00000105383,false,
RNA-seq/RNAseq_biopsies/ets2_genesetsENSG_MASTER.csv,ETS2g1_DN,16,ENSG00000259207,false,
RNA-seq/RNAseq_biopsies/ets2_genesetsENSG_MASTER.csv,ETS2g1_DN,17,ENSG00000175471,false,
RNA-seq/RNAseq_biopsies/ets2_genesetsENSG_MASTER.csv,ETS2g1_DN,18,ENSG00000239697,false,
RNA-seq/RNAseq_biopsies/ets2_genesetsENSG_MASTER.csv,ETS2g1_DN,19,ENSG00000185905,false,
RNA-seq/RNAseq_biopsies/ets2_genesetsENSG_MASTER.csv,ETS2g1_DN,20,ENSG00000277632,false,
RNA-seq/RNAseq_biopsies/ets2_genesetsENSG_MASTER.csv,ETS2g1_DN,21,ENSG00000143369,false,
RNA-seq/RNAseq_biopsies/ets2_genesetsENSG_MASTER.csv,ETS2g1_DN,22,ENSG00000154122,false,
RNA-seq/RNAseq_biopsies/ets2_genesetsENSG_MASTER.csv,ETS2g1_DN,23,ENSG00000163220,false,
RNA-seq/RNAseq_biopsies/ets2_genesetsENSG_MASTER.csv,ETS2g1_DN,24,ENSG00000113140,false,
RNA-seq/RNAseq_biopsies/ets2_genesetsENSG_MASTER.csv,ETS2g1_DN,25,ENSG00000005844,false,
RNA-seq/RNAseq_biopsies/ets2_genesetsENSG_MASTER.csv,ETS2g1_DN,26,ENSG00000159314,false,
RNA-seq/RNAseq_biopsies/ets2_genesetsENSG_MASTER.csv,ETS2g1_DN,27,ENSG00000251230,false,
RNA-seq/RNAseq_biopsies/ets2_genesetsENSG_MASTER.csv,ETS2g1_DN,28,ENSG00000168461,false,
RNA-seq/RNAseq_biopsies/ets2_genesetsENSG_MASTER.csv,ETS2g1_DN,29,ENSG00000125810,false,
RNA-seq/RNAseq_biopsies/ets2_genesetsENSG_MASTER.csv,ETS2g1_DN,30,ENSG00000197046,false,
RNA-seq/RNAseq_biopsies/ets2_genesetsENSG_MASTER.csv,ETS2g1_DN,31,ENSG00000135048,false,
RNA-seq/RNAseq_biopsies/ets2_genesetsENSG_MASTER.csv,ETS2g1_DN,32,ENSG00000182541,false,
RNA-seq/RNAseq_biopsies/ets2_genesetsENSG_MASTER.csv,ETS2g1_DN,33,ENSG00000179630,false,
RNA-seq/RNAseq_biopsies/ets2_genesetsENSG_MASTER.csv,ETS2g1_DN,34,ENSG00000167528,false,
RNA-seq/RNAseq_biopsies/ets2_genesetsENSG_MASTER.csv,ETS2g1_DN,35,ENSG00000155629,false,
RNA-seq/RNAseq_biopsies/ets2_genesetsENSG_MASTER.csv,ETS2g1_DN,36,ENSG00000145335,false,
RNA-seq/RNAseq_biopsies/ets2_genesetsENSG_MASTER.csv,ETS2g1_DN,37,ENSG00000166068,false,
RNA-seq/RNAseq_biopsies/ets2_genesetsENSG_MASTER.csv,ETS2g1_DN,38,ENSG00000183023,false,
RNA-seq/RNAseq_biopsies/ets2_genesetsENSG_MASTER.csv,ETS2g1_DN,39,ENSG00000150337,false,
RNA-seq/RNAseq_biopsies/ets2_genesetsENSG_MASTER.csv,ETS2g1_DN,40,ENSG00000135636,false,
RNA-seq/RNAseq_biopsies/ets2_genesetsENSG_MASTER.csv,ETS2g1_DN,41,ENSG00000167613,false,
RNA-seq/RNAseq_biopsies/ets2_genesetsENSG_MASTER.csv,ETS2g1_DN,42,ENSG00000163735,false,
RNA-seq/RNAseq_biopsies/ets2_genesetsENSG_MASTER.csv,ETS2g1_DN,43,ENSG00000271503,false,
RNA-seq/RNAseq_biopsies/ets2_genesetsENSG_MASTER.csv,ETS2g1_DN,44,ENSG00000108984,false,
RNA-seq/RNAseq_biopsies/ets2_genesetsENSG_MASTER.csv,ETS2g1_DN,45,ENSG00000091831,false,
RNA-seq/RNAseq_biopsies/ets2_genesetsENSG_MASTER.csv,ETS2g1_DN,46,ENSG00000268500,false,
RNA-seq/RNAseq_biopsies/ets2_genesetsENSG_MASTER.csv,ETS2g1_DN,47,ENSG00000050438,false,
RNA-seq/RNAseq_biopsies/ets2_genesetsENSG_MASTER.csv,ETS2g1_DN,48,ENSG00000183762,false,
RNA-seq/RNAseq_biopsies/ets2_genesetsENSG_MASTER.csv,ETS2g1_DN,49,ENSG00000121858,false,
RNA-seq/RNAseq_biopsies/ets2_genesetsENSG_MASTER.csv,ETS2g1_DN,50,ENSG00000177575,false,
RNA-seq/RNAseq_biopsies/ets2_genesetsENSG_MASTER.csv,ETS2g1_DN,51,ENSG00000101000,false,
RNA-seq/RNAseq_biopsies/ets2_genesetsENSG_MASTER.csv,ETS2g1_DN,52,ENSG00000164292,false,
RNA-seq/RNAseq_biopsies/ets2_genesetsENSG_MASTER.csv,ETS2g1_DN,53,ENSG00000187193,false,
RNA-seq/RNAseq_biopsies/ets2_genesetsENSG_MASTER.csv,ETS2g1_DN,54,ENSG00000125148,false,
RNA-seq/RNAseq_biopsies/ets2_genesetsENSG_MASTER.csv,ETS2g1_DN,55,ENSG00000023892,false,
RNA-seq/RNAseq_biopsies/ets2_genesetsENSG_MASTER.csv,ETS2g1_DN,56,ENSG00000172349,false,
RNA-seq/RNAseq_biopsies/ets2_genesetsENSG_MASTER.csv,ETS2g1_DN,57,ENSG00000123104,false,
RNA-seq/RNAseq_biopsies/ets2_genesetsENSG_MASTER.csv,ETS2g1_DN,58,ENSG00000149131,false,
RNA-seq/RNAseq_biopsies/ets2_genesetsENSG_MASTER.csv,ETS2g1_DN,59,ENSG00000114541,false,
RNA-seq/RNAseq_biopsies/ets2_genesetsENSG_MASTER.csv,ETS2g1_DN,60,ENSG00000123329,false,
RNA-seq/RNAseq_biopsies/ets2_genesetsENSG_MASTER.csv,ETS2g1_DN,61,ENSG00000050730,false,
RNA-seq/RNAseq_biopsies/ets2_genesetsENSG_MASTER.csv,ETS2g1_DN,62,ENSG00000134516,false,
RNA-seq/RNAseq_biopsies/ets2_genesetsENSG_MASTER.csv,ETS2g1_DN,63,ENSG00000139629,false,
RNA-seq/RNAseq_biopsies/ets2_genesetsENSG_MASTER.csv,ETS2g1_DN,64,ENSG00000197321,false,
RNA-seq/RNAseq_biopsies/ets2_genesetsENSG_MASTER.csv,ETS2g1_DN,65,ENSG00000082074,false,
RNA-seq/RNAseq_biopsies/ets2_genesetsENSG_MASTER.csv,ETS2g1_DN,66,ENSG00000198876,false,
RNA-seq/RNAseq_biopsies/ets2_genesetsENSG_MASTER.csv,ETS2g1_DN,67,ENSG00000163154,false,
RNA-seq/RNAseq_biopsies/ets2_genesetsENSG_MASTER.csv,ETS2g1_DN,68,ENSG00000254415,false,
RNA-seq/RNAseq_biopsies/ets2_genesetsENSG_MASTER.csv,ETS2g1_DN,69,ENSG00000174130,false,
RNA-seq/RNAseq_biopsies/ets2_genesetsENSG_MASTER.csv,ETS2g1_DN,70,ENSG00000143546,false,
RNA-seq/RNAseq_biopsies/ets2_genesetsENSG_MASTER.csv,ETS2g1_DN,71,ENSG00000103811,false,
RNA-seq/RNAseq_biopsies/ets2_genesetsENSG_MASTER.csv,ETS2g1_DN,72,ENSG00000110934,false,
RNA-seq/RNAseq_biopsies/ets2_genesetsENSG_MASTER.csv,ETS2g1_DN,73,ENSG00000173482,false,
RNA-seq/RNAseq_biopsies/ets2_genesetsENSG_MASTER.csv,ETS2g1_DN,74,ENSG00000119772,false,
RNA-seq/RNAseq_biopsies/ets2_genesetsENSG_MASTER.csv,ETS2g1_DN,75,ENSG00000124357,false,
RNA-seq/RNAseq_biopsies/ets2_genesetsENSG_MASTER.csv,ETS2g1_DN,76,ENSG00000124731,false,
RNA-seq/RNAseq_biopsies/ets2_genesetsENSG_MASTER.csv,ETS2g1_DN,77,ENSG00000168995,false,
RNA-seq/RNAseq_biopsies/ets2_genesetsENSG_MASTER.csv,ETS2g1_DN,78,ENSG00000142185,false,
RNA-seq/RNAseq_biopsies/ets2_genesetsENSG_MASTER.csv,ETS2g1_DN,79,ENSG00000188786,false,
RNA-seq/RNAseq_biopsies/ets2_genesetsENSG_MASTER.csv,ETS2g1_DN,80,ENSG00000163739,false,
RNA-seq/RNAseq_biopsies/ets2_genesetsENSG_MASTER.csv,ETS2g1_DN,81,ENSG00000174125,false,
RNA-seq/RNAseq_biopsies/ets2_genesetsENSG_MASTER.csv,ETS2g1_DN,82,ENSG00000171051,false,
RNA-seq/RNAseq_biopsies/ets2_genesetsENSG_MASTER.csv,ETS2g1_DN,83,ENSG00000116016,false,
RNA-seq/RNAseq_biopsies/ets2_genesetsENSG_MASTER.csv,ETS2g1_DN,84,ENSG00000163874,false,
RNA-seq/RNAseq_biopsies/ets2_genesetsENSG_MASTER.csv,ETS2g1_DN,85,ENSG00000130755,false,
RNA-seq/RNAseq_biopsies/ets2_genesetsENSG_MASTER.csv,ETS2g1_DN,86,ENSG00000244405,false,
RNA-seq/RNAseq_biopsies/ets2_genesetsENSG_MASTER.csv,ETS2g1_DN,87,ENSG00000089820,false,
RNA-seq/RNAseq_biopsies/ets2_genesetsENSG_MASTER.csv,ETS2g1_DN,88,ENSG00000134215,false,
RNA-seq/RNAseq_biopsies/ets2_genesetsENSG_MASTER.csv,ETS2g1_DN,89,ENSG00000093072,false,
RNA-seq/RNAseq_biopsies/ets2_genesetsENSG_MASTER.csv,ETS2g1_DN,90,ENSG00000019169,false,
RNA-seq/RNAseq_biopsies/ets2_genesetsENSG_MASTER.csv,ETS2g1_DN,91,ENSG00000143217,false,
RNA-seq/RNAseq_biopsies/ets2_genesetsENSG_MASTER.csv,ETS2g1_DN,92,ENSG00000172716,false,
RNA-seq/RNAseq_biopsies/ets2_genesetsENSG_MASTER.csv,ETS2g1_DN,93,ENSG00000107201,false,
RNA-seq/RNAseq_biopsies/ets2_genesetsENSG_MASTER.csv,ETS2g1_DN,94,ENSG00000150636,false,
RNA-seq/RNAseq_biopsies/ets2_genesetsENSG_MASTER.csv,ETS2g1_DN,95,ENSG00000012061,false,
RNA-seq/RNAseq_biopsies/ets2_genesetsENSG_MASTER.csv,ETS2g1_DN,96,ENSG00000127419,false,
RNA-seq/RNAseq_biopsies/ets2_genesetsENSG_MASTER.csv,ETS2g1_DN,97,ENSG00000163734,false,
RNA-seq/RNAseq_biopsies/ets2_genesetsENSG_MASTER.csv,ETS2g1_DN,98,ENSG00000128294,false,
RNA-seq/RNAseq_biopsies/ets2_genesetsENSG_MASTER.csv,ETS2g1_DN,99,ENSG00000135838,false,
RNA-seq/RNAseq_biopsies/ets2_genesetsENSG_MASTER.csv,ETS2g1_DN,100,ENSG00000151715,false,
RNA-seq/RNAseq_biopsies/ets2_genesetsENSG_MASTER.csv,ETS2g1_DN,101,ENSG00000136490,false,
RNA-seq/RNAseq_biopsies/ets2_genesetsENSG_MASTER.csv,ETS2g1_DN,102,ENSG00000050405,false,
RNA-seq/RNAseq_biopsies/ets2_genesetsENSG_MASTER.csv,ETS2g1_DN,103,ENSG00000144959,false,
RNA-seq/RNAseq_biopsies/ets2_genesetsENSG_MASTER.csv,ETS2g1_DN,104,ENSG00000143851,false,
RNA-seq/RNAseq_biopsies/ets2_genesetsENSG_MASTER.csv,ETS2g1_DN,105,ENSG00000157827,false,
RNA-seq/RNAseq_biopsies/ets2_genesetsENSG_MASTER.csv,ETS2g1_DN,106,ENSG00000166689,false,
RNA-seq/RNAseq_biopsies/ets2_genesetsENSG_MASTER.csv,ETS2g1_DN,107,ENSG00000248477,false,
RNA-seq/RNAseq_biopsies/ets2_genesetsENSG_MASTER.csv,ETS2g1_DN,108,ENSG00000178726,false,
RNA-seq/RNAseq_biopsies/ets2_genesetsENSG_MASTER.csv,ETS2g1_DN,109,ENSG00000100336,false,
RNA-seq/RNAseq_biopsies/ets2_genesetsENSG_MASTER.csv,ETS2g1_DN,110,ENSG00000187630,false,
RNA-seq/RNAseq_biopsies/ets2_genesetsENSG_MASTER.csv,ETS2g1_DN,111,ENSG00000186469,false,
RNA-seq/RNAseq_biopsies/ets2_genesetsENSG_MASTER.csv,ETS2g1_DN,112,ENSG00000125753,false,
RNA-seq/RNAseq_biopsies/ets2_genesetsENSG_MASTER.csv,ETS2g1_DN,113,ENSG00000168404,false,
RNA-seq/RNAseq_biopsies/ets2_genesetsENSG_MASTER.csv,ETS2g1_DN,114,ENSG00000013810,false,
RNA-seq/RNAseq_biopsies/ets2_genesetsENSG_MASTER.csv,ETS2g1_DN,115,ENSG00000132405,false,
RNA-seq/RNAseq_biopsies/ets2_genesetsENSG_MASTER.csv,ETS2g1_DN,116,ENSG00000197142,false,
RNA-seq/RNAseq_biopsies/ets2_genesetsENSG_MASTER.csv,ETS2g1_DN,117,ENSG00000116574,false,
RNA-seq/RNAseq_biopsies/ets2_genesetsENSG_MASTER.csv,ETS2g1_DN,118,ENSG00000185722,false,
RNA-seq/RNAseq_biopsies/ets2_genesetsENSG_MASTER.csv,ETS2g1_DN,119,ENSG00000133561,false,
RNA-seq/RNAseq_biopsies/ets2_genesetsENSG_MASTER.csv,ETS2g1_DN,120,ENSG00000205060,false,
RNA-seq/RNAseq_biopsies/ets2_genesetsENSG_MASTER.csv,ETS2g1_DN,121,ENSG00000111348,false,
RNA-seq/RNAseq_biopsies/ets2_genesetsENSG_MASTER.csv,ETS2g1_DN,122,ENSG00000173706,false,
RNA-seq/RNAseq_biopsies/ets2_genesetsENSG_MASTER.csv,ETS2g1_DN,123,ENSG00000157326,false,
RNA-seq/RNAseq_biopsies/ets2_genesetsENSG_MASTER.csv,ETS2g1_DN,124,ENSG00000100596,false,
RNA-seq/RNAseq_biopsies/ets2_genesetsENSG_MASTER.csv,ETS2g1_DN,125,ENSG00000197471,false,
RNA-seq/RNAseq_biopsies/ets2_genesetsENSG_MASTER.csv,ETS2g1_DN,126,ENSG00000010295,false,
RNA-seq/RNAseq_biopsies/ets2_genesetsENSG_MASTER.csv,ETS2g1_DN,127,ENSG00000137491,false,
RNA-seq/RNAseq_biopsies/ets2_genesetsENSG_MASTER.csv,ETS2g1_DN,128,ENSG00000162946,false,
RNA-seq/RNAseq_biopsies/ets2_genesetsENSG_MASTER.csv,ETS2g1_DN,129,ENSG00000102755,false,
RNA-seq/RNAseq_biopsies/ets2_genesetsENSG_MASTER.csv,ETS2g1_DN,130,ENSG00000185291,false,
RNA-seq/RNAseq_biopsies/ets2_genesetsENSG_MASTER.csv,ETS2g1_DN,131,ENSG00000250687,false,
RNA-seq/RNAseq_biopsies/ets2_genesetsENSG_MASTER.csv,ETS2g1_DN,132,ENSG00000137752,false,
RNA-seq/RNAseq_biopsies/ets2_genesetsENSG_MASTER.csv,ETS2g1_DN,133,ENSG00000197548,false,
RNA-seq/RNAseq_biopsies/ets2_genesetsENSG_MASTER.csv,ETS2g1_DN,134,ENSG00000133574,false,
RNA-seq/RNAseq_biopsies/ets2_genesetsENSG_MASTER.csv,ETS2g1_DN,135,ENSG00000075303,false,
RNA-seq/RNAseq_biopsies/ets2_genesetsENSG_MASTER.csv,ETS2g1_DN,136,ENSG00000198829,false,
RNA-seq/RNAseq_biopsies/ets2_genesetsENSG_MASTER.csv,ETS2g1_DN,137,ENSG00000125538,false,
RNA-seq/RNAseq_biopsies/ets2_genesetsENSG_MASTER.csv,ETS2g1_DN,138,ENSG00000244482,false,
RNA-seq/RNAseq_biopsies/ets2_genesetsENSG_MASTER.csv,ETS2g1_DN,139,ENSG00000033627,false,
RNA-seq/RNAseq_biopsies/ets2_genesetsENSG_MASTER.csv,ETS2g1_DN,140,ENSG00000130830,false,
RNA-seq/RNAseq_biopsies/ets2_genesetsENSG_MASTER.csv,ETS2g1_DN,141,ENSG00000122122,false,
RNA-seq/RNAseq_biopsies/ets2_genesetsENSG_MASTER.csv,ETS2g1_DN,142,ENSG00000138190,false,
RNA-seq/RNAseq_biopsies/ets2_genesetsENSG_MASTER.csv,ETS2g1_DN,143,ENSG00000137462,false,
RNA-seq/RNAseq_biopsies/ets2_genesetsENSG_MASTER.csv,ETS2g1_DN,144,ENSG00000119321,false,
RNA-seq/RNAseq_biopsies/ets2_genesetsENSG_MASTER.csv,ETS2g1_DN,145,ENSG00000148680,false,
RNA-seq/RNAseq_biopsies/ets2_genesetsENSG_MASTER.csv,ETS2g1_DN,146,ENSG00000134531,false,
RNA-seq/RNAseq_biopsies/ets2_genesetsENSG_MASTER.csv,ETS2g1_DN,147,ENSG00000157227,false,
RNA-seq/RNAseq_biopsies/ets2_genesetsENSG_MASTER.csv,ETS2g1_DN,148,ENSG00000142961,false,
RNA-seq/RNAseq_biopsies/ets2_genesetsENSG_MASTER.csv,ETS2g1_DN,149,ENSG00000214212,false,
RNA-seq/RNAseq_biopsies/ets2_genesetsENSG_MASTER.csv,ETS2g1_DN,150,ENSG00000197249,false,
RNA-seq/RNAseq_biopsies/ets2_genesetsENSG_MASTER.csv,ETS2g1_DN,151,ENSG00000204472,false,
RNA-seq/RNAseq_biopsies/ets2_genesetsENSG_MASTER.csv,ETS2g1_DN,152,ENSG00000095303,false,
RNA-seq/RNAseq_biopsies/ets2_genesetsENSG_MASTER.csv,ETS2g1_DN,153,ENSG00000076356,false,
RNA-seq/RNAseq_biopsies/ets2_genesetsENSG_MASTER.csv,ETS2g1_DN,154,ENSG00000130816,false,
RNA-seq/RNAseq_biopsies/ets2_genesetsENSG_MASTER.csv,ETS2g1_DN,155,ENSG00000135047,false,
RNA-seq/RNAseq_biopsies/ets2_genesetsENSG_MASTER.csv,ETS2g1_DN,156,ENSG00000132514,false,
RNA-seq/RNAseq_biopsies/ets2_genesetsENSG_MASTER.csv,ETS2g1_DN,157,ENSG00000205744,false,
RNA-seq/RNAseq_biopsies/ets2_genesetsENSG_MASTER.csv,ETS2g1_DN,158,ENSG00000152503,false,
RNA-seq/RNAseq_biopsies/ets2_genesetsENSG_MASTER.csv,ETS2g1_DN,159,ENSG00000130517,false,
RNA-seq/RNAseq_biopsies/ets2_genesetsENSG_MASTER.csv,ETS2g1_DN,160,ENSG00000171700,false,
RNA-seq/RNAseq_biopsies/ets2_genesetsENSG_MASTER.csv,ETS2g1_DN,161,ENSG00000143344,false,
RNA-seq/RNAseq_biopsies/ets2_genesetsENSG_MASTER.csv,ETS2g1_DN,162,ENSG00000117009,false,
RNA-seq/RNAseq_biopsies/ets2_genesetsENSG_MASTER.csv,ETS2g1_DN,163,ENSG00000125871,false,
RNA-seq/RNAseq_biopsies/ets2_genesetsENSG_MASTER.csv,ETS2g1_DN,164,ENSG00000112799,false,
RNA-seq/RNAseq_biopsies/ets2_genesetsENSG_MASTER.csv,ETS2g1_DN,165,ENSG00000179978,false,
RNA-seq/RNAseq_biopsies/ets2_genesetsENSG_MASTER.csv,ETS2g1_DN,166,ENSG00000116977,false,
RNA-seq/RNAseq_biopsies/ets2_genesetsENSG_MASTER.csv,ETS2g1_DN,167,ENSG00000183386,false,
RNA-seq/RNAseq_biopsies/ets2_genesetsENSG_MASTER.csv,ETS2g1_DN,168,ENSG00000077420,false,
RNA-seq/RNAseq_biopsies/ets2_genesetsENSG_MASTER.csv,ETS2g1_DN,169,ENSG00000152213,false,
RNA-seq/RNAseq_biopsies/ets2_genesetsENSG_MASTER.csv,ETS2g1_DN,170,ENSG00000263528,false,
RNA-seq/RNAseq_biopsies/ets2_genesetsENSG_MASTER.csv,ETS2g1_DN,171,ENSG00000125744,false,
RNA-seq/RNAseq_biopsies/ets2_genesetsENSG_MASTER.csv,ETS2g1_DN,172,ENSG00000163171,false,
RNA-seq/RNAseq_biopsies/ets2_genesetsENSG_MASTER.csv,ETS2g1_DN,173,ENSG00000158869,false,
RNA-seq/RNAseq_biopsies/ets2_genesetsENSG_MASTER.csv,ETS2g1_DN,174,ENSG00000146376,false,
RNA-seq/RNAseq_biopsies/ets2_genesetsENSG_MASTER.csv,ETS2g1_DN,175,ENSG00000000971,false,
RNA-seq/RNAseq_biopsies/ets2_genesetsENSG_MASTER.csv,ETS2g1_DN,176,ENSG00000148655,false,
RNA-seq/RNAseq_biopsies/ets2_genesetsENSG_MASTER.csv,ETS2g1_DN,177,ENSG00000126821,false,
RNA-seq/RNAseq_biopsies/ets2_genesetsENSG_MASTER.csv,ETS2g1_DN,178,ENSG00000102921,false,
RNA-seq/RNAseq_biopsies/ets2_genesetsENSG_MASTER.csv,ETS2g1_DN,179,ENSG00000188215,false,
RNA-seq/RNAseq_biopsies/ets2_genesetsENSG_MASTER.csv,ETS2g1_DN,180,ENSG00000135052,false,
RNA-seq/RNAseq_biopsies/ets2_genesetsENSG_MASTER.csv,ETS2g1_DN,181,ENSG00000164125,false,
RNA-seq/RNAseq_biopsies/ets2_genesetsENSG_MASTER.csv,ETS2g1_DN,182,ENSG00000142405,false,
RNA-seq/RNAseq_biopsies/ets2_genesetsENSG_MASTER.csv,ETS2g1_DN,183,ENSG00000079277,false,
RNA-seq/RNAseq_biopsies/ets2_genesetsENSG_MASTER.csv,ETS2g1_DN,184,ENSG00000100055,false,
RNA-seq/RNAseq_biopsies/ets2_genesetsENSG_MASTER.csv,ETS2g1_DN,185,ENSG00000154783,false,
RNA-seq/RNAseq_biopsies/ets2_genesetsENSG_MASTER.csv,ETS2g1_DN,186,ENSG00000140931,false,
RNA-seq/RNAseq_biopsies/ets2_genesetsENSG_MASTER.csv,ETS2g1_DN,187,ENSG00000113070,false,
RNA-seq/RNAseq_biopsies/ets2_genesetsENSG_MASTER.csv,ETS2g1_DN,188,ENSG00000104361,false,
RNA-seq/RNAseq_biopsies/ets2_genesetsENSG_MASTER.csv,ETS2g1_DN,189,ENSG00000249437,false,
RNA-seq/RNAseq_biopsies/ets2_genesetsENSG_MASTER.csv,ETS2g1_DN,190,ENSG00000139970,false,
RNA-seq/RNAseq_biopsies/ets2_genesetsENSG_MASTER.csv,ETS2g1_DN,191,ENSG00000120913,false,
RNA-seq/RNAseq_biopsies/ets2_genesetsENSG_MASTER.csv,ETS2g1_DN,192,ENSG00000088827,false,
RNA-seq/RNAseq_biopsies/ets2_genesetsENSG_MASTER.csv,ETS2g1_DN,193,ENSG00000123700,false,
RNA-seq/RNAseq_biopsies/ets2_genesetsENSG_MASTER.csv,ETS2g1_DN,194,ENSG00000118855,false,
RNA-seq/RNAseq_biopsies/ets2_genesetsENSG_MASTER.csv,ETS2g1_DN,195,ENSG00000110911,false,
RNA-seq/RNAseq_biopsies/ets2_genesetsENSG_MASTER.csv,ETS2g1_DN,196,ENSG00000205413,false,
RNA-seq/RNAseq_biopsies/ets2_genesetsENSG_MASTER.csv,ETS2g1_DN,197,ENSG00000115828,false,
RNA-seq/RNAseq_biopsies/ets2_genesetsENSG_MASTER.csv,ETS2g1_DN,198,ENSG00000172575,false,
RNA-seq/RNAseq_biopsies/ets2_genesetsENSG_MASTER.csv,ETS2g1_DN,199,ENSG00000187037,false,
RNA-seq/RNAseq_biopsies/ets2_genesetsENSG_MASTER.csv,ETS2g1_DN,200,ENSG00000077232,false,
RNA-seq/RNAseq_biopsies/ets2_genesetsENSG_MASTER.csv,ETS2g1_DN,201,ENSG00000175489,false,
RNA-seq/RNAseq_biopsies/ets2_genesetsENSG_MASTER.csv,ETS2g1_DN,202,ENSG00000090659,false,
RNA-seq/RNAseq_biopsies/ets2_genesetsENSG_MASTER.csv,ETS2g1_DN,203,ENSG00000166501,false,
RNA-seq/RNAseq_biopsies/ets2_genesetsENSG_MASTER.csv,ETS2g1_DN,204,ENSG00000177469,false,
RNA-seq/RNAseq_biopsies/ets2_genesetsENSG_MASTER.csv,ETS2g1_DN,205,ENSG00000171608,false,
RNA-seq/RNAseq_biopsies/ets2_genesetsENSG_MASTER.csv,ETS2g1_DN,206,ENSG00000139505,false,
RNA-seq/RNAseq_biopsies/ets2_genesetsENSG_MASTER.csv,ETS2g1_DN,207,ENSG00000150681,false,
RNA-seq/RNAseq_biopsies/ets2_genesetsENSG_MASTER.csv,ETS2g1_DN,208,ENSG00000128245,false,
RNA-seq/RNAseq_biopsies/ets2_genesetsENSG_MASTER.csv,ETS2g1_DN,209,ENSG00000075240,false,
RNA-seq/RNAseq_biopsies/ets2_genesetsENSG_MASTER.csv,ETS2g1_DN,210,ENSG00000103196,false,
RNA-seq/RNAseq_biopsies/ets2_genesetsENSG_MASTER.csv,ETS2g1_DN,211,ENSG00000081237,false,
RNA-seq/RNAseq_biopsies/ets2_genesetsENSG_MASTER.csv,ETS2g1_DN,212,ENSG00000140859,false,
RNA-seq/RNAseq_biopsies/ets2_genesetsENSG_MASTER.csv,ETS2g1_DN,213,ENSG00000164654,false,
RNA-seq/RNAseq_biopsies/ets2_genesetsENSG_MASTER.csv,ETS2g1_DN,214,ENSG00000137845,false,
RNA-seq/RNAseq_biopsies/ets2_genesetsENSG_MASTER.csv,ETS2g1_DN,215,ENSG00000010704,false,
RNA-seq/RNAseq_biopsies/ets2_genesetsENSG_MASTER.csv,ETS2g1_DN,216,ENSG00000111679,false,
RNA-seq/RNAseq_biopsies/ets2_genesetsENSG_MASTER.csv,ETS2g1_DN,217,ENSG00000227039,false,
RNA-seq/RNAseq_biopsies/ets2_genesetsENSG_MASTER.csv,ETS2g1_DN,218,ENSG00000175538,false,
RNA-seq/RNAseq_biopsies/ets2_genesetsENSG_MASTER.csv,ETS2g1_DN,219,ENSG00000102032,false,
RNA-seq/RNAseq_biopsies/ets2_genesetsENSG_MASTER.csv,ETS2g1_DN,220,ENSG00000168016,false,
RNA-seq/RNAseq_biopsies/ets2_genesetsENSG_MASTER.csv,ETS2g1_DN,221,ENSG00000196535,false,
RNA-seq/RNAseq_biopsies/ets2_genesetsENSG_MASTER.csv,ETS2g1_DN,222,ENSG00000100280,false,
RNA-seq/RNAseq_biopsies/ets2_genesetsENSG_MASTER.csv,ETS2g1_DN,223,ENSG00000171631,false,
RNA-seq/RNAseq_biopsies/ets2_genesetsENSG_MASTER.csv,ETS2g1_DN,224,ENSG00000168918,false,
RNA-seq/RNAseq_biopsies/ets2_genesetsENSG_MASTER.csv,ETS2g1_DN,225,ENSG00000162129,false,
RNA-seq/RNAseq_biopsies/ets2_genesetsENSG_MASTER.csv,ETS2g1_DN,226,ENSG00000223799,false,
RNA-seq/RNAseq_biopsies/ets2_genesetsENSG_MASTER.csv,ETS2g1_DN,227,ENSG00000129566,false,
RNA-seq/RNAseq_biopsies/ets2_genesetsENSG_MASTER.csv,ETS2g1_DN,228,ENSG00000244682,false,
RNA-seq/RNAseq_biopsies/ets2_genesetsENSG_MASTER.csv,ETS2g1_DN,229,ENSG00000183307,false,
RNA-seq/RNAseq_biopsies/ets2_genesetsENSG_MASTER.csv,ETS2g1_DN,230,ENSG00000090376,false,
RNA-seq/RNAseq_biopsies/ets2_genesetsENSG_MASTER.csv,ETS2g1_DN,231,ENSG00000156515,false,
RNA-seq/RNAseq_biopsies/ets2_genesetsENSG_MASTER.csv,ETS2g1_DN,232,ENSG00000182134,false,
RNA-seq/RNAseq_biopsies/ets2_genesetsENSG_MASTER.csv,ETS2g1_DN,233,ENSG00000062282,false,
RNA-seq/RNAseq_biopsies/ets2_genesetsENSG_MASTER.csv,ETS2g1_DN,234,ENSG00000112195,false,
RNA-seq/RNAseq_biopsies/ets2_genesetsENSG_MASTER.csv,ETS2g1_DN,235,ENSG00000250138,false,
RNA-seq/RNAseq_biopsies/ets2_genesetsENSG_MASTER.csv,ETS2g1_DN,236,ENSG00000115271,false,
RNA-seq/RNAseq_biopsies/ets2_genesetsENSG_MASTER.csv,ETS2g1_DN,237,ENSG00000109667,false,
RNA-seq/RNAseq_biopsies/ets2_genesetsENSG_MASTER.csv,ETS2g1_DN,238,ENSG00000139436,false,
RNA-seq/RNAseq_biopsies/ets2_genesetsENSG_MASTER.csv,ETS2g1_DN,239,ENSG00000006576,false,
RNA-seq/RNAseq_biopsies/ets2_genesetsENSG_MASTER.csv,ETS2g1_DN,240,ENSG00000171777,false,
RNA-seq/RNAseq_biopsies/ets2_genesetsENSG_MASTER.csv,ETS2g1_DN,241,ENSG00000088298,false,
RNA-seq/RNAseq_biopsies/ets2_genesetsENSG_MASTER.csv,ETS2g1_DN,242,ENSG00000171115,false,
RNA-seq/RNAseq_biopsies/ets2_genesetsENSG_MASTER.csv,ETS2g1_DN,243,ENSG00000102007,false,
RNA-seq/RNAseq_biopsies/ets2_genesetsENSG_MASTER.csv,ETS2g1_DN,244,ENSG00000158714,false,
RNA-seq/RNAseq_biopsies/ets2_genesetsENSG_MASTER.csv,ETS2g1_DN,245,ENSG00000242574,false,
RNA-seq/RNAseq_biopsies/ets2_genesetsENSG_MASTER.csv,ETS2g1_DN,246,ENSG00000251634,false,
RNA-seq/RNAseq_biopsies/ets2_genesetsENSG_MASTER.csv,ETS2g1_DN,247,ENSG00000100350,false,
RNA-seq/RNAseq_biopsies/ets2_genesetsENSG_MASTER.csv,ETS2g1_DN,248,ENSG00000118308,false,
RNA-seq/RNAseq_biopsies/ets2_genesetsENSG_MASTER.csv,ETS2g1_DN,249,ENSG00000186517,false,
RNA-seq/RNAseq_biopsies/ets2_genesetsENSG_MASTER.csv,ETS2g1_DN,250,ENSG00000108691,false,
RNA-seq/RNAseq_biopsies/ets2_genesetsENSG_MASTER.csv,ETS2g1_DN,251,ENSG00000177663,false,
RNA-seq/RNAseq_biopsies/ets2_genesetsENSG_MASTER.csv,ETS2g1_DN,252,ENSG00000135452,false,
RNA-seq/RNAseq_biopsies/ets2_genesetsENSG_MASTER.csv,ETS2g1_DN,253,ENSG00000160307,false,
RNA-seq/RNAseq_biopsies/ets2_genesetsENSG_MASTER.csv,ETS2g1_DN,254,ENSG00000155850,false,
RNA-seq/RNAseq_biopsies/ets2_genesetsENSG_MASTER.csv,ETS2g1_DN,255,ENSG00000155465,false,
RNA-seq/RNAseq_biopsies/ets2_genesetsENSG_MASTER.csv,ETS2g1_DN,256,ENSG00000127084,false,
RNA-seq/RNAseq_biopsies/ets2_genesetsENSG_MASTER.csv,ETS2g1_DN,257,ENSG00000148660,false,
RNA-seq/RNAseq_biopsies/ets2_genesetsENSG_MASTER.csv,ETS2g1_DN,258,ENSG00000140749,false,
RNA-seq/RNAseq_biopsies/ets2_genesetsENSG_MASTER.csv,ETS2g1_DN,259,ENSG00000135899,false,
RNA-seq/RNAseq_biopsies/ets2_genesetsENSG_MASTER.csv,ETS2g1_DN,260,ENSG00000198951,false,
RNA-seq/RNAseq_biopsies/ets2_genesetsENSG_MASTER.csv,ETS2g1_DN,261,ENSG00000158481,false,
RNA-seq/RNAseq_biopsies/ets2_genesetsENSG_MASTER.csv,ETS2g1_DN,262,ENSG00000072135,false,
RNA-seq/RNAseq_biopsies/ets2_genesetsENSG_MASTER.csv,ETS2g1_DN,263,ENSG00000005302,false,
RNA-seq/RNAseq_biopsies/ets2_genesetsENSG_MASTER.csv,ETS2g1_DN,264,ENSG00000141252,false,
RNA-seq/RNAseq_biopsies/ets2_genesetsENSG_MASTER.csv,ETS2g1_DN,265,ENSG00000075213,false,
RNA-seq/RNAseq_biopsies/ets2_genesetsENSG_MASTER.csv,ETS2g1_DN,266,ENSG00000166401,false,
RNA-seq/RNAseq_biopsies/ets2_genesetsENSG_MASTER.csv,ETS2g1_DN,267,ENSG00000213719,false,
RNA-seq/RNAseq_biopsies/ets2_genesetsENSG_MASTER.csv,ETS2g1_DN,268,ENSG00000074660,false,
RNA-seq/RNAseq_biopsies/ets2_genesetsENSG_MASTER.csv,ETS2g1_DN,269,ENSG00000162390,false,
RNA-seq/RNAseq_biopsies/ets2_genesetsENSG_MASTER.csv,ETS2g1_DN,270,ENSG00000204577,false,
RNA-seq/RNAseq_biopsies/ets2_genesetsENSG_MASTER.csv,ETS2g1_DN,271,ENSG00000160766,false,
RNA-seq/RNAseq_biopsies/ets2_genesetsENSG_MASTER.csv,ETS2g1_DN,272,ENSG00000071073,false,
RNA-seq/RNAseq_biopsies/ets2_genesetsENSG_MASTER.csv,ETS2g1_DN,273,ENSG00000141968,false,
RNA-seq/RNAseq_biopsies/ets2_genesetsENSG_MASTER.csv,ETS2g1_DN,274,ENSG00000151726,false,
RNA-seq/RNAseq_biopsies/ets2_genesetsENSG_MASTER.csv,ETS2g1_DN,275,ENSG00000005020,false,
RNA-seq/RNAseq_biopsies/ets2_genesetsENSG_MASTER.csv,ETS2g1_DN,276,ENSG00000105483,false,
RNA-seq/RNAseq_biopsies/ets2_genesetsENSG_MASTER.csv,ETS2g1_DN,277,ENSG00000100985,false,
RNA-seq/RNAseq_biopsies/ets2_genesetsENSG_MASTER.csv,ETS2g1_DN,278,ENSG00000074964,false,
RNA-seq/RNAseq_biopsies/ets2_genesetsENSG_MASTER.csv,ETS2g1_DN,279,ENSG00000211445,false,
RNA-seq/RNAseq_biopsies/ets2_genesetsENSG_MASTER.csv,ETS2g1_DN,280,ENSG00000137841,false,
RNA-seq/RNAseq_biopsies/ets2_genesetsENSG_MASTER.csv,ETS2g1_DN,281,ENSG00000081189,false,
RNA-seq/RNAseq_biopsies/ets2_genesetsENSG_MASTER.csv,ETS2g1_DN,282,ENSG00000105329,false,
RNA-seq/RNAseq_biopsies/ets2_genesetsENSG_MASTER.csv,ETS2g1_DN,283,ENSG00000117475,false,
RNA-seq/RNAseq_biopsies/ets2_genesetsENSG_MASTER.csv,ETS2g1_DN,284,ENSG00000164741,false,
RNA-seq/RNAseq_biopsies/ets2_genesetsENSG_MASTER.csv,ETS2g1_DN,285,ENSG00000157483,false,
RNA-seq/RNAseq_biopsies/ets2_genesetsENSG_MASTER.csv,ETS2g1_DN,286,ENSG00000187210,false,
RNA-seq/RNAseq_biopsies/ets2_genesetsENSG_MASTER.csv,ETS2g1_DN,287,ENSG00000268758,false,
RNA-seq/RNAseq_biopsies/ets2_genesetsENSG_MASTER.csv,ETS2g1_DN,288,ENSG00000002586,false,
RNA-seq/RNAseq_biopsies/ets2_genesetsENSG_MASTER.csv,ETS2g1_DN,289,ENSG00000151702,false,
RNA-seq/RNAseq_biopsies/ets2_genesetsENSG_MASTER.csv,ETS2g1_DN,290,ENSG00000179304,false,
RNA-seq/RNAseq_biopsies/ets2_genesetsENSG_MASTER.csv,ETS2g1_DN,291,ENSG00000103522,false,
RNA-seq/RNAseq_biopsies/ets2_genesetsENSG_MASTER.csv,ETS2g1_DN,292,ENSG00000105808,false,
RNA-seq/RNAseq_biopsies/ets2_genesetsENSG_MASTER.csv,ETS2g1_DN,293,ENSG00000101916,false,
RNA-seq/RNAseq_biopsies/ets2_genesetsENSG_MASTER.csv,ETS2g1_DN,294,ENSG00000160746,false,
RNA-seq/RNAseq_biopsies/ets2_genesetsENSG_MASTER.csv,ETS2g1_DN,295,ENSG00000111674,false,
RNA-seq/RNAseq_biopsies/ets2_genesetsENSG_MASTER.csv,ETS2g1_DN,296,ENSG00000133246,false,
RNA-seq/RNAseq_biopsies/ets2_genesetsENSG_MASTER.csv,ETS2g1_DN,297,ENSG00000118515,false,
RNA-seq/RNAseq_biopsies/ets2_genesetsENSG_MASTER.csv,ETS2g1_DN,298,ENSG00000152749,false,
RNA-seq/RNAseq_biopsies/ets2_genesetsENSG_MASTER.csv,ETS2g1_DN,299,ENSG00000087589,false,
RNA-seq/RNAseq_biopsies/ets2_genesetsENSG_MASTER.csv,ETS2g1_DN,300,ENSG00000163736,false,
RNA-seq/RNAseq_biopsies/ets2_genesetsENSG_MASTER.csv,ETS2g1_DN,301,ENSG00000197442,false,
RNA-seq/RNAseq_biopsies/ets2_genesetsENSG_MASTER.csv,ETS2g1_DN,302,ENSG00000196209,false,
RNA-seq/RNAseq_biopsies/ets2_genesetsENSG_MASTER.csv,ETS2g1_DN,303,ENSG00000143643,false,
RNA-seq/RNAseq_biopsies/ets2_genesetsENSG_MASTER.csv,ETS2g1_DN,304,ENSG00000143226,false,
RNA-seq/RNAseq_biopsies/ets2_genesetsENSG_MASTER.csv,ETS2g1_DN,305,ENSG00000146094,false,
RNA-seq/RNAseq_biopsies/ets2_genesetsENSG_MASTER.csv,ETS2g1_DN,306,ENSG00000117533,false,
RNA-seq/RNAseq_biopsies/ets2_genesetsENSG_MASTER.csv,ETS2g1_DN,307,ENSG00000174600,false,
RNA-seq/RNAseq_biopsies/ets2_genesetsENSG_MASTER.csv,ETS2g1_DN,308,ENSG00000145416,false,
RNA-seq/RNAseq_biopsies/ets2_genesetsENSG_MASTER.csv,ETS2g1_DN,309,ENSG00000042980,false,
RNA-seq/RNAseq_biopsies/ets2_genesetsENSG_MASTER.csv,ETS2g1_DN,310,ENSG00000087266,false,
RNA-seq/RNAseq_biopsies/ets2_genesetsENSG_MASTER.csv,ETS2g1_DN,311,ENSG00000187116,false,
RNA-seq/RNAseq_biopsies/ets2_genesetsENSG_MASTER.csv,ETS2g1_DN,312,ENSG00000010610,false,
RNA-seq/RNAseq_biopsies/ets2_genesetsENSG_MASTER.csv,ETS2g1_DN,313,ENSG00000134830,false,
RNA-seq/RNAseq_biopsies/ets2_genesetsENSG_MASTER.csv,ETS2g1_DN,314,ENSG00000126001,false,
RNA-seq/RNAseq_biopsies/ets2_genesetsENSG_MASTER.csv,ETS2g1_DN,315,ENSG00000151651,false,
RNA-seq/RNAseq_biopsies/ets2_genesetsENSG_MASTER.csv,ETS2g1_DN,316,ENSG00000111199,false,
RNA-seq/RNAseq_biopsies/ets2_genesetsENSG_MASTER.csv,ETS2g1_DN,317,ENSG00000198417,false,
RNA-seq/RNAseq_biopsies/ets2_genesetsENSG_MASTER.csv,ETS2g1_DN,318,ENSG00000167186,false,
RNA-seq/RNAseq_biopsies/ets2_genesetsENSG_MASTER.csv,ETS2g1_DN,319,ENSG00000087253,false,
RNA-seq/RNAseq_biopsies/ets2_genesetsENSG_MASTER.csv,ETS2g1_DN,320,ENSG00000009790,false,
RNA-seq/RNAseq_biopsies/ets2_genesetsENSG_MASTER.csv,ETS2g1_DN,321,ENSG00000261888,false,
RNA-seq/RNAseq_biopsies/ets2_genesetsENSG_MASTER.csv,ETS2g1_DN,322,ENSG00000133216,false,
RNA-seq/RNAseq_biopsies/ets2_genesetsENSG_MASTER.csv,ETS2g1_DN,323,ENSG00000157933,false,
RNA-seq/RNAseq_biopsies/ets2_genesetsENSG_MASTER.csv,ETS2g1_DN,324,ENSG00000188554,false,
RNA-seq/RNAseq_biopsies/ets2_genesetsENSG_MASTER.csv,ETS2g1_DN,325,ENSG00000106780,false,
RNA-seq/RNAseq_biopsies/ets2_genesetsENSG_MASTER.csv,ETS2g1_DN,326,ENSG00000169896,false,
RNA-seq/RNAseq_biopsies/ets2_genesetsENSG_MASTER.csv,ETS2g1_DN,327,ENSG00000286646,false,
RNA-seq/RNAseq_biopsies/ets2_genesetsENSG_MASTER.csv,ETS2g1_DN,328,ENSG00000159348,false,
RNA-seq/RNAseq_biopsies/ets2_genesetsENSG_MASTER.csv,ETS2g1_DN,329,ENSG00000061938,false,
RNA-seq/RNAseq_biopsies/ets2_genesetsENSG_MASTER.csv,ETS2g1_DN,330,ENSG00000169220,false,
RNA-seq/RNAseq_biopsies/ets2_genesetsENSG_MASTER.csv,ETS2g1_DN,331,ENSG00000135828,false,
RNA-seq/RNAseq_biopsies/ets2_genesetsENSG_MASTER.csv,ETS2g1_DN,332,ENSG00000164951,false,
RNA-seq/RNAseq_biopsies/ets2_genesetsENSG_MASTER.csv,ETS2g1_DN,333,ENSG00000138964,false,
RNA-seq/RNAseq_biopsies/ets2_genesetsENSG_MASTER.csv,ETS2g1_DN,334,ENSG00000155926,false,
RNA-seq/RNAseq_biopsies/ets2_genesetsENSG_MASTER.csv,ETS2g1_DN,335,ENSG00000038945,false,
RNA-seq/RNAseq_biopsies/ets2_genesetsENSG_MASTER.csv,ETS2g1_DN,336,ENSG00000196139,false,
RNA-seq/RNAseq_biopsies/ets2_genesetsENSG_MASTER.csv,ETS2g1_DN,337,ENSG00000204482,false,
RNA-seq/RNAseq_biopsies/ets2_genesetsENSG_MASTER.csv,ETS2g1_DN,338,ENSG00000161800,false,
RNA-seq/RNAseq_biopsies/ets2_genesetsENSG_MASTER.csv,ETS2g1_DN,339,ENSG00000187764,false,
RNA-seq/RNAseq_biopsies/ets2_genesetsENSG_MASTER.csv,ETS2g1_DN,340,ENSG00000136250,false,
RNA-seq/RNAseq_biopsies/ets2_genesetsENSG_MASTER.csv,ETS2g1_DN,341,ENSG00000162073,false,
RNA-seq/RNAseq_biopsies/ets2_genesetsENSG_MASTER.csv,ETS2g1_DN,342,ENSG00000026297,false,
RNA-seq/RNAseq_biopsies/ets2_genesetsENSG_MASTER.csv,ETS2g1_DN,343,ENSG00000268350,false,
RNA-seq/RNAseq_biopsies/ets2_genesetsENSG_MASTER.csv,ETS2g1_DN,344,ENSG00000164054,false,
RNA-seq/RNAseq_biopsies/ets2_genesetsENSG_MASTER.csv,ETS2g1_DN,345,ENSG00000204136,false,
RNA-seq/RNAseq_biopsies/ets2_genesetsENSG_MASTER.csv,ETS2g1_DN,346,ENSG00000196123,false,
RNA-seq/RNAseq_biopsies/ets2_genesetsENSG_MASTER.csv,ETS2g1_DN,347,ENSG00000179820,false,
RNA-seq/RNAseq_biopsies/ets2_genesetsENSG_MASTER.csv,ETS2g1_DN,348,ENSG00000115107,false,
RNA-seq/RNAseq_biopsies/ets2_genesetsENSG_MASTER.csv,ETS2g1_DN,349,ENSG00000171049,false,
RNA-seq/RNAseq_biopsies/ets2_genesetsENSG_MASTER.csv,ETS2g1_DN,350,ENSG00000162711,false,
RNA-seq/RNAseq_biopsies/ets2_genesetsENSG_MASTER.csv,ETS2g1_DN,351,ENSG00000084764,false,
RNA-seq/RNAseq_biopsies/ets2_genesetsENSG_MASTER.csv,ETS2g1_DN,352,ENSG00000130222,false,
RNA-seq/RNAseq_biopsies/ets2_genesetsENSG_MASTER.csv,ETS2g1_DN,353,ENSG00000175348,false,
RNA-seq/RNAseq_biopsies/ets2_genesetsENSG_MASTER.csv,ETS2g1_DN,354,ENSG00000105122,false,
RNA-seq/RNAseq_biopsies/ets2_genesetsENSG_MASTER.csv,ETS2g1_DN,355,ENSG00000188211,false,
RNA-seq/RNAseq_biopsies/ets2_genesetsENSG_MASTER.csv,ETS2g1_DN,356,ENSG00000100503,false,
RNA-seq/RNAseq_biopsies/ets2_genesetsENSG_MASTER.csv,ETS2g1_DN,357,ENSG00000160593,false,
RNA-seq/RNAseq_biopsies/ets2_genesetsENSG_MASTER.csv,ETS2g1_DN,358,ENSG00000166780,false,
RNA-seq/RNAseq_biopsies/ets2_genesetsENSG_MASTER.csv,ETS2g1_DN,359,ENSG00000164440,false,
RNA-seq/RNAseq_biopsies/ets2_genesetsENSG_MASTER.csv,ETS2g1_DN,360,ENSG00000154310,false,
RNA-seq/RNAseq_biopsies/ets2_genesetsENSG_MASTER.csv,ETS2g1_DN,361,ENSG00000131355,false,
RNA-seq/RNAseq_biopsies/ets2_genesetsENSG_MASTER.csv,ETS2g1_DN,362,ENSG00000137145,false,
RNA-seq/RNAseq_biopsies/ets2_genesetsENSG_MASTER.csv,ETS2g1_DN,363,ENSG00000158717,false,
RNA-seq/RNAseq_biopsies/ets2_genesetsENSG_MASTER.csv,ETS2g1_DN,364,ENSG00000151208,false,
RNA-seq/RNAseq_biopsies/ets2_genesetsENSG_MASTER.csv,ETS2g1_DN,365,ENSG00000184988,false,
RNA-seq/RNAseq_biopsies/ets2_genesetsENSG_MASTER.csv,ETS2g1_DN,366,ENSG00000188313,false,
RNA-seq/RNAseq_biopsies/ets2_genesetsENSG_MASTER.csv,ETS2g1_DN,367,ENSG00000140463,false,
RNA-seq/RNAseq_biopsies/ets2_genesetsENSG_MASTER.csv,ETS2g1_DN,368,ENSG00000131979,false,
RNA-seq/RNAseq_biopsies/ets2_genesetsENSG_MASTER.csv,ETS2g1_DN,369,ENSG00000167632,false,
RNA-seq/RNAseq_biopsies/ets2_genesetsENSG_MASTER.csv,ETS2g1_DN,370,ENSG00000152804,false,
RNA-seq/RNAseq_biopsies/ets2_genesetsENSG_MASTER.csv,ETS2g1_DN,371,ENSG00000162174,false,
RNA-seq/RNAseq_biopsies/ets2_genesetsENSG_MASTER.csv,ETS2g1_DN,372,ENSG00000275793,false,
RNA-seq/RNAseq_biopsies/ets2_genesetsENSG_MASTER.csv,ETS2g1_DN,373,ENSG00000049860,false,
RNA-seq/RNAseq_biopsies/ets2_genesetsENSG_MASTER.csv,ETS2g1_DN,374,ENSG00000140968,false,
RNA-seq/RNAseq_biopsies/ets2_genesetsENSG_MASTER.csv,ETS2g1_DN,375,ENSG00000139178,false,
RNA-seq/RNAseq_biopsies/ets2_genesetsENSG_MASTER.csv,ETS2g1_DN,376,ENSG00000104093,false,
RNA-seq/RNAseq_biopsies/ets2_genesetsENSG_MASTER.csv,ETS2g1_DN,377,ENSG00000119714,false,
RNA-seq/RNAseq_biopsies/ets2_genesetsENSG_MASTER.csv,ETS2g1_DN,378,ENSG00000131042,false,
RNA-seq/RNAseq_biopsies/ets2_genesetsENSG_MASTER.csv,ETS2g1_DN,379,ENSG00000143119,false,
RNA-seq/RNAseq_biopsies/ets2_genesetsENSG_MASTER.csv,ETS2g1_DN,380,ENSG00000166340,false,
RNA-seq/RNAseq_biopsies/ets2_genesetsENSG_MASTER.csv,ETS2g1_DN,381,ENSG00000180353,false,
RNA-seq/RNAseq_biopsies/ets2_genesetsENSG_MASTER.csv,ETS2g1_DN,382,ENSG00000196628,false,
RNA-seq/RNAseq_biopsies/ets2_genesetsENSG_MASTER.csv,ETS2g1_DN,383,ENSG00000163221,false,
RNA-seq/RNAseq_biopsies/ets2_genesetsENSG_MASTER.csv,ETS2g1_DN,384,ENSG00000072694,false,
RNA-seq/RNAseq_biopsies/ets2_genesetsENSG_MASTER.csv,ETS2g1_DN,385,ENSG00000119655,false,
RNA-seq/RNAseq_biopsies/ets2_genesetsENSG_MASTER.csv,ETS2g1_DN,386,ENSG00000138821,false,
RNA-seq/RNAseq_biopsies/ets2_genesetsENSG_MASTER.csv,ETS2g1_DN,387,ENSG00000167207,false,
RNA-seq/RNAseq_biopsies/ets2_genesetsENSG_MASTER.csv,ETS2g1_DN,388,ENSG00000172936,false,
RNA-seq/RNAseq_biopsies/ets2_genesetsENSG_MASTER.csv,ETS2g1_DN,389,ENSG00000167208,false,
RNA-seq/RNAseq_biopsies/ets2_genesetsENSG_MASTER.csv,ETS2g1_DN,390,ENSG00000086730,false,
RNA-seq/RNAseq_biopsies/ets2_genesetsENSG_MASTER.csv,ETS2g1_DN,391,ENSG00000166548,false,
RNA-seq/RNAseq_biopsies/ets2_genesetsENSG_MASTER.csv,ETS2g1_DN,392,ENSG00000105738,false,
RNA-seq/RNAseq_biopsies/ets2_genesetsENSG_MASTER.csv,ETS2g1_DN,393,ENSG00000178573,false,
RNA-seq/RNAseq_biopsies/ets2_genesetsENSG_MASTER.csv,ETS2g1_DN,394,ENSG00000125633,false,
RNA-seq/RNAseq_biopsies/ets2_genesetsENSG_MASTER.csv,ETS2g1_DN,395,ENSG00000136193,false,
RNA-seq/RNAseq_biopsies/ets2_genesetsENSG_MASTER.csv,ETS2g1_DN,396,ENSG00000213614,false,
RNA-seq/RNAseq_biopsies/ets2_genesetsENSG_MASTER.csv,ETS2g1_DN,397,ENSG00000104870,false,
RNA-seq/RNAseq_biopsies/ets2_genesetsENSG_MASTER.csv,ETS2g1_DN,398,ENSG00000162894,false,
RNA-seq/RNAseq_biopsies/ets2_genesetsENSG_MASTER.csv,ETS2g1_DN,399,ENSG00000050767,false,
RNA-seq/RNAseq_biopsies/ets2_genesetsENSG_MASTER.csv,ETS2g1_DN,400,ENSG00000132359,false,
RNA-seq/RNAseq_biopsies/ets2_genesetsENSG_MASTER.csv,ETS2g1_DN,401,ENSG00000163513,false,
RNA-seq/RNAseq_biopsies/ets2_genesetsENSG_MASTER.csv,ETS2g1_DN,402,ENSG00000121064,false,
RNA-seq/RNAseq_biopsies/ets2_genesetsENSG_MASTER.csv,ETS2g1_DN,403,ENSG00000120868,false,
RNA-seq/RNAseq_biopsies/ets2_genesetsENSG_MASTER.csv,ETS2g1_DN,404,ENSG00000112303,false,
RNA-seq/RNAseq_biopsies/ets2_genesetsENSG_MASTER.csv,ETS2g1_DN,405,ENSG00000169403,false,
RNA-seq/RNAseq_biopsies/ets2_genesetsENSG_MASTER.csv,ETS2g1_DN,406,ENSG00000139974,false,
RNA-seq/RNAseq_biopsies/ets2_genesetsENSG_MASTER.csv,ETS2g1_DN,407,ENSG00000248905,false,
RNA-seq/RNAseq_biopsies/ets2_genesetsENSG_MASTER.csv,ETS2g1_DN,408,ENSG00000148926,false,
RNA-seq/RNAseq_biopsies/ets2_genesetsENSG_MASTER.csv,ETS2g1_DN,409,ENSG00000153015,false,
RNA-seq/RNAseq_biopsies/ets2_genesetsENSG_MASTER.csv,ETS2g1_DN,410,ENSG00000138760,false,
RNA-seq/RNAseq_biopsies/ets2_genesetsENSG_MASTER.csv,ETS2g1_DN,411,ENSG00000100647,false,
RNA-seq/RNAseq_biopsies/ets2_genesetsENSG_MASTER.csv,ETS2g1_DN,412,ENSG00000072062,false,
RNA-seq/RNAseq_biopsies/ets2_genesetsENSG_MASTER.csv,ETS2g1_DN,413,ENSG00000125637,false,
RNA-seq/RNAseq_biopsies/ets2_genesetsENSG_MASTER.csv,ETS2g1_DN,414,ENSG00000226137,false,
RNA-seq/RNAseq_biopsies/ets2_genesetsENSG_MASTER.csv,ETS2g1_DN,415,ENSG00000133030,false,
RNA-seq/RNAseq_biopsies/ets2_genesetsENSG_MASTER.csv,ETS2g1_DN,416,ENSG00000166523,false,
RNA-seq/RNAseq_biopsies/ets2_genesetsENSG_MASTER.csv,ETS2g1_DN,417,ENSG00000175087,false,
RNA-seq/RNAseq_biopsies/ets2_genesetsENSG_MASTER.csv,ETS2g1_DN,418,ENSG00000060558,false,
RNA-seq/RNAseq_biopsies/ets2_genesetsENSG_MASTER.csv,ETS2g1_DN,419,ENSG00000248323,false,
RNA-seq/RNAseq_biopsies/ets2_genesetsENSG_MASTER.csv,ETS2g1_DN,420,ENSG00000103528,false,
RNA-seq/RNAseq_biopsies/ets2_genesetsENSG_MASTER.csv,ETS2g1_DN,421,ENSG00000238005,false,
RNA-seq/RNAseq_biopsies/ets2_genesetsENSG_MASTER.csv,ETS2g1_DN,422,ENSG00000069424,false,
RNA-seq/RNAseq_biopsies/ets2_genesetsENSG_MASTER.csv,ETS2g1_DN,423,ENSG00000081041,false,
RNA-seq/RNAseq_biopsies/ets2_genesetsENSG_MASTER.csv,ETS2g1_DN,424,ENSG00000164983,false,
RNA-seq/RNAseq_biopsies/ets2_genesetsENSG_MASTER.csv,ETS2g1_DN,425,ENSG00000129450,false,
RNA-seq/RNAseq_biopsies/ets2_genesetsENSG_MASTER.csv,ETS2g1_DN,426,ENSG00000126860,false,
RNA-seq/RNAseq_biopsies/ets2_genesetsENSG_MASTER.csv,ETS2g1_DN,427,ENSG00000131873,false,
RNA-seq/RNAseq_biopsies/ets2_genesetsENSG_MASTER.csv,ETS2g1_DN,428,ENSG00000135363,false,
RNA-seq/RNAseq_biopsies/ets2_genesetsENSG_MASTER.csv,ETS2g1_DN,429,ENSG00000137486,false,
RNA-seq/RNAseq_biopsies/ets2_genesetsENSG_MASTER.csv,ETS2g1_DN,430,ENSG00000091106,false,
RNA-seq/RNAseq_biopsies/ets2_genesetsENSG_MASTER.csv,ETS2g1_DN,431,ENSG00000085514,false,
RNA-seq/RNAseq_biopsies/ets2_genesetsENSG_MASTER.csv,ETS2g1_DN,432,ENSG00000100365,false,
RNA-seq/RNAseq_biopsies/ets2_genesetsENSG_MASTER.csv,ETS2g1_DN,433,ENSG00000107485,false,
RNA-seq/RNAseq_biopsies/ets2_genesetsENSG_MASTER.csv,ETS2g1_DN,434,ENSG00000175806,false,
RNA-seq/RNAseq_biopsies/ets2_genesetsENSG_MASTER.csv,ETS2g1_DN,435,ENSG00000138744,false,
RNA-seq/RNAseq_biopsies/ets2_genesetsENSG_MASTER.csv,ETS2g1_DN,436,ENSG00000104972,false,
RNA-seq/RNAseq_biopsies/ets2_genesetsENSG_MASTER.csv,ETS2g1_DN,437,ENSG00000130429,false,
RNA-seq/RNAseq_biopsies/ets2_genesetsENSG_MASTER.csv,ETS2g1_DN,438,ENSG00000147168,false,
RNA-seq/RNAseq_biopsies/ets2_genesetsENSG_MASTER.csv,ETS2g1_DN,439,ENSG00000120262,false,
RNA-seq/RNAseq_biopsies/ets2_genesetsENSG_MASTER.csv,ETS2g1_DN,440,ENSG00000067182,false,
RNA-seq/RNAseq_biopsies/ets2_genesetsENSG_MASTER.csv,ETS2g1_DN,441,ENSG00000117318,false,
RNA-seq/RNAseq_biopsies/ets2_genesetsENSG_MASTER.csv,ETS2g1_DN,442,ENSG00000100504,false,
RNA-seq/RNAseq_biopsies/ets2_genesetsENSG_MASTER.csv,ETS2g1_DN,443,ENSG00000101347,false,
RNA-seq/RNAseq_biopsies/ets2_genesetsENSG_MASTER.csv,ETS2g1_DN,444,ENSG00000168234,false,
RNA-seq/RNAseq_biopsies/ets2_genesetsENSG_MASTER.csv,ETS2g1_DN,445,ENSG00000165475,false,
RNA-seq/RNAseq_biopsies/ets2_genesetsENSG_MASTER.csv,ETS2g1_DN,446,ENSG00000175066,false,
RNA-seq/RNAseq_biopsies/ets2_genesetsENSG_MASTER.csv,ETS2g1_DN,447,ENSG00000186635,false,
RNA-seq/RNAseq_biopsies/ets2_genesetsENSG_MASTER.csv,ETS2g1_DN,448,ENSG00000168067,false,
RNA-seq/RNAseq_biopsies/ets2_genesetsENSG_MASTER.csv,ETS2g1_DN,449,ENSG00000084731,false,
RNA-seq/RNAseq_biopsies/ets2_genesetsENSG_MASTER.csv,ETS2g1_DN,450,ENSG00000089177,false,
RNA-seq/RNAseq_biopsies/ets2_genesetsENSG_MASTER.csv,ETS2g1_DN,451,ENSG00000185482,false,
RNA-seq/RNAseq_biopsies/ets2_genesetsENSG_MASTER.csv,ETS2g1_DN,452,ENSG00000163947,false,
RNA-seq/RNAseq_biopsies/ets2_genesetsENSG_MASTER.csv,ETS2g1_DN,453,ENSG00000145819,false,
RNA-seq/RNAseq_biopsies/ets2_genesetsENSG_MASTER.csv,ETS2g1_DN,454,ENSG00000196954,false,
RNA-seq/RNAseq_biopsies/ets2_genesetsENSG_MASTER.csv,ETS2g1_DN,455,ENSG00000176845,false,
RNA-seq/RNAseq_biopsies/ets2_genesetsENSG_MASTER.csv,ETS2g1_DN,456,ENSG00000014257,false,
RNA-seq/RNAseq_biopsies/ets2_genesetsENSG_MASTER.csv,ETS2g1_DN,457,ENSG00000182326,false,
RNA-seq/RNAseq_biopsies/ets2_genesetsENSG_MASTER.csv,ETS2g1_DN,458,ENSG00000103005,false,
RNA-seq/RNAseq_biopsies/ets2_genesetsENSG_MASTER.csv,ETS2g1_DN,459,ENSG00000170667,false,
RNA-seq/RNAseq_biopsies/ets2_genesetsENSG_MASTER.csv,ETS2g1_DN,460,ENSG00000117758,false,
RNA-seq/RNAseq_biopsies/ets2_genesetsENSG_MASTER.csv,ETS2g1_DN,461,ENSG00000125629,false,
RNA-seq/RNAseq_biopsies/ets2_genesetsENSG_MASTER.csv,ETS2g1_DN,462,ENSG00000158270,false,
RNA-seq/RNAseq_biopsies/ets2_genesetsENSG_MASTER.csv,ETS2g1_DN,463,ENSG00000004468,false,
RNA-seq/RNAseq_biopsies/ets2_genesetsENSG_MASTER.csv,ETS2g1_DN,464,ENSG00000081087,false,
RNA-seq/RNAseq_biopsies/ets2_genesetsENSG_MASTER.csv,ETS2g1_DN,465,ENSG00000241399,false,
RNA-seq/RNAseq_biopsies/ets2_genesetsENSG_MASTER.csv,ETS2g1_DN,466,ENSG00000121297,false,
RNA-seq/RNAseq_biopsies/ets2_genesetsENSG_MASTER.csv,ETS2g1_DN,467,ENSG00000130052,false,
RNA-seq/RNAseq_biopsies/ets2_genesetsENSG_MASTER.csv,ETS2g1_DN,468,ENSG00000162745,false,
RNA-seq/RNAseq_biopsies/ets2_genesetsENSG_MASTER.csv,ETS2g1_DN,469,ENSG00000160209,false,
RNA-seq/RNAseq_biopsies/ets2_genesetsENSG_MASTER.csv,ETS2g1_DN,470,ENSG00000158825,false,
RNA-seq/RNAseq_biopsies/ets2_genesetsENSG_MASTER.csv,ETS2g1_DN,471,ENSG00000186350,false,
RNA-seq/RNAseq_biopsies/ets2_genesetsENSG_MASTER.csv,ETS2g1_DN,472,ENSG00000136869,false,
RNA-seq/RNAseq_biopsies/ets2_genesetsENSG_MASTER.csv,ETS2g1_DN,473,ENSG00000089327,false,
RNA-seq/RNAseq_biopsies/ets2_genesetsENSG_MASTER.csv,ETS2g1_DN,474,ENSG00000152229,false,
RNA-seq/RNAseq_biopsies/ets2_genesetsENSG_MASTER.csv,ETS2g1_DN,475,ENSG00000173905,false,
RNA-seq/RNAseq_biopsies/ets2_genesetsENSG_MASTER.csv,ETS2g1_DN,476,ENSG00000136167,false,
RNA-seq/RNAseq_biopsies/ets2_genesetsENSG_MASTER.csv,ETS2g1_DN,477,ENSG00000163625,false,
RNA-seq/RNAseq_biopsies/ets2_genesetsENSG_MASTER.csv,ETS2g1_DN,478,ENSG00000154229,false,
RNA-seq/RNAseq_biopsies/ets2_genesetsENSG_MASTER.csv,ETS2g1_DN,479,ENSG00000183486,false,
RNA-seq/RNAseq_biopsies/ets2_genesetsENSG_MASTER.csv,ETS2g1_DN,480,ENSG00000075151,false,
RNA-seq/RNAseq_biopsies/ets2_genesetsENSG_MASTER.csv,ETS2g1_DN,481,ENSG00000177628,false,
RNA-seq/RNAseq_biopsies/ets2_genesetsENSG_MASTER.csv,ETS2g1_DN,482,ENSG00000117643,false,
RNA-seq/RNAseq_biopsies/ets2_genesetsENSG_MASTER.csv,ETS2g1_DN,483,ENSG00000004478,false,
RNA-seq/RNAseq_biopsies/ets2_genesetsENSG_MASTER.csv,ETS2g1_DN,484,ENSG00000103490,false,
RNA-seq/RNAseq_biopsies/ets2_genesetsENSG_MASTER.csv,ETS2g1_DN,485,ENSG00000082996,false,
RNA-seq/RNAseq_biopsies/ets2_genesetsENSG_MASTER.csv,ETS2g1_DN,486,ENSG00000153936,false,
RNA-seq/RNAseq_biopsies/ets2_genesetsENSG_MASTER.csv,ETS2g1_DN,487,ENSG00000164733,false,
RNA-seq/RNAseq_biopsies/ets2_genesetsENSG_MASTER.csv,ETS2g1_DN,488,ENSG00000109103,false,
RNA-seq/RNAseq_biopsies/ets2_genesetsENSG_MASTER.csv,ETS2g1_DN,489,ENSG00000166912,false,
RNA-seq/RNAseq_biopsies/ets2_genesetsENSG_MASTER.csv,ETS2g1_DN,490,ENSG00000171659,false,
RNA-seq/RNAseq_biopsies/ets2_genesetsENSG_MASTER.csv,ETS2g1_DN,491,ENSG00000138378,false,
RNA-seq/RNAseq_biopsies/ets2_genesetsENSG_MASTER.csv,ETS2g1_DN,492,ENSG00000068001,false,
RNA-seq/RNAseq_biopsies/ets2_genesetsENSG_MASTER.csv,ETS2g1_DN,493,ENSG00000110841,false,
RNA-seq/RNAseq_biopsies/ets2_genesetsENSG_MASTER.csv,ETS2g1_DN,494,ENSG00000196502,false,
RNA-seq/RNAseq_biopsies/ets2_genesetsENSG_MASTER.csv,ETS2g1_DN,495,ENSG00000214063,false,
RNA-seq/RNAseq_biopsies/ets2_genesetsENSG_MASTER.csv,ETS2g1_DN,496,ENSG00000116473,false,
RNA-seq/RNAseq_biopsies/ets2_genesetsENSG_MASTER.csv,ETS2g1_DN,497,ENSG00000100558,false,
RNA-seq/RNAseq_biopsies/ets2_genesetsENSG_MASTER.csv,ETS2g1_DN,498,ENSG00000198805,false,
RNA-seq/RNAseq_biopsies/ets2_genesetsENSG_MASTER.csv,ETS2g1_DN,499,ENSG00000127914,false,
RNA-seq/RNAseq_biopsies/ets2_genesetsENSG_MASTER.csv,ETS2g1_DN,500,ENSG00000068784,false,
RNA-seq/RNAseq_biopsies/ets2_genesetsENSG_MASTER.csv,ETS2g1_DN,501,ENSG00000233452,false,
RNA-seq/RNAseq_biopsies/ets2_genesetsENSG_MASTER.csv,ETS2g1_DN,502,ENSG00000188305,false,
RNA-seq/RNAseq_biopsies/ets2_genesetsENSG_MASTER.csv,ETS2g1_DN,503,ENSG00000099337,false,
RNA-seq/RNAseq_biopsies/ets2_genesetsENSG_MASTER.csv,ETS2g1_DN,504,ENSG00000159346,false,
RNA-seq/RNAseq_biopsies/ets2_genesetsENSG_MASTER.csv,ETS2g1_DN,505,ENSG00000170921,false,
RNA-seq/RNAseq_biopsies/ets2_genesetsENSG_MASTER.csv,ETS2g1_DN,506,ENSG00000111331,false,
RNA-seq/RNAseq_biopsies/ets2_genesetsENSG_MASTER.csv,ETS2g1_DN,507,ENSG00000109743,false,
RNA-seq/RNAseq_biopsies/ets2_genesetsENSG_MASTER.csv,ETS2g1_DN,508,ENSG00000172954,false,
RNA-seq/RNAseq_biopsies/ets2_genesetsENSG_MASTER.csv,ETS2g1_DN,509,ENSG00000043462,false,
RNA-seq/RNAseq_biopsies/ets2_genesetsENSG_MASTER.csv,ETS2g1_DN,510,ENSG00000144681,false,
RNA-seq/RNAseq_biopsies/ets2_genesetsENSG_MASTER.csv,ETS2g1_DN,511,ENSG00000116679,false,
RNA-seq/RNAseq_biopsies/ets2_genesetsENSG_MASTER.csv,ETS2g1_DN,512,ENSG00000169413,false,
RNA-seq/RNAseq_biopsies/ets2_genesetsENSG_MASTER.csv,ETS2g1_DN,513,ENSG00000120162,false,
RNA-seq/RNAseq_biopsies/ets2_genesetsENSG_MASTER.csv,ETS2g1_DN,514,ENSG00000108439,false,
RNA-seq/RNAseq_biopsies/ets2_genesetsENSG_MASTER.csv,ETS2g1_DN,515,ENSG00000251442,false,
RNA-seq/RNAseq_biopsies/ets2_genesetsENSG_MASTER.csv,ETS2g1_DN,516,ENSG00000147454,false,
RNA-seq/RNAseq_biopsies/ets2_genesetsENSG_MASTER.csv,ETS2g1_DN,517,ENSG00000186088,false,
RNA-seq/RNAseq_biopsies/ets2_genesetsENSG_MASTER.csv,ETS2g1_DN,518,ENSG00000129675,false,
RNA-seq/RNAseq_biopsies/ets2_genesetsENSG_MASTER.csv,ETS2g1_DN,519,ENSG00000111729,false,
RNA-seq/RNAseq_biopsies/ets2_genesetsENSG_MASTER.csv,ETS2g1_DN,520,ENSG00000241839,false,
RNA-seq/RNAseq_biopsies/ets2_genesetsENSG_MASTER.csv,ETS2g1_DN,521,ENSG00000186815,false,
RNA-seq/RNAseq_biopsies/ets2_genesetsENSG_MASTER.csv,ETS2g1_DN,522,ENSG00000162511,false,
RNA-seq/RNAseq_biopsies/ets2_genesetsENSG_MASTER.csv,ETS2g1_DN,523,ENSG00000067066,false,
RNA-seq/RNAseq_biopsies/ets2_genesetsENSG_MASTER.csv,ETS2g1_DN,524,ENSG00000156642,false,
RNA-seq/RNAseq_biopsies/ets2_genesetsENSG_MASTER.csv,ETS2g1_DN,525,ENSG00000137628,false,
RNA-seq/RNAseq_biopsies/ets2_genesetsENSG_MASTER.csv,ETS2g1_DN,526,ENSG00000048052,false,
RNA-seq/RNAseq_biopsies/ets2_genesetsENSG_MASTER.csv,ETS2g1_DN,527,ENSG00000073756,false,
RNA-seq/RNAseq_biopsies/ets2_genesetsENSG_MASTER.csv,ETS2g1_DN,528,ENSG00000076928,false,
RNA-seq/RNAseq_biopsies/ets2_genesetsENSG_MASTER.csv,ETS2g1_DN,529,ENSG00000128340,false,
RNA-seq/RNAseq_biopsies/ets2_genesetsENSG_MASTER.csv,ETS2g1_DN,530,ENSG00000274600,false,
RNA-seq/RNAseq_biopsies/ets2_genesetsENSG_MASTER.csv,ETS2g1_DN,531,ENSG00000261371,false,
RNA-seq/RNAseq_biopsies/ets2_genesetsENSG_MASTER.csv,ETS2g1_DN,532,ENSG00000050344,false,
RNA-seq/RNAseq_biopsies/ets2_genesetsENSG_MASTER.csv,ETS2g1_DN,533,ENSG00000068903,false,
RNA-seq/RNAseq_biopsies/ets2_genesetsENSG_MASTER.csv,ETS2g1_DN,534,ENSG00000257093,false,
RNA-seq/RNAseq_biopsies/ets2_genesetsENSG_MASTER.csv,ETS2g1_DN,535,ENSG00000170385,false,
RNA-seq/RNAseq_biopsies/ets2_genesetsENSG_MASTER.csv,ETS2g1_DN,536,ENSG00000138316,false,
RNA-seq/RNAseq_biopsies/ets2_genesetsENSG_MASTER.csv,ETS2g1_DN,537,ENSG00000164574,false,
RNA-seq/RNAseq_biopsies/ets2_genesetsENSG_MASTER.csv,ETS2g1_DN,538,ENSG00000260314,false,
RNA-seq/RNAseq_biopsies/ets2_genesetsENSG_MASTER.csv,ETS2g1_DN,539,ENSG00000203739,false,
RNA-seq/RNAseq_biopsies/ets2_genesetsENSG_MASTER.csv,ETS2g1_DN,540,ENSG00000075399,false,
RNA-seq/RNAseq_biopsies/ets2_genesetsENSG_MASTER.csv,ETS2g1_DN,541,ENSG00000185340,false,
RNA-seq/RNAseq_biopsies/ets2_genesetsENSG_MASTER.csv,ETS2g1_DN,542,ENSG00000158555,false,
RNA-seq/RNAseq_biopsies/ets2_genesetsENSG_MASTER.csv,ETS2g1_DN,543,ENSG00000119681,false,
RNA-seq/RNAseq_biopsies/ets2_genesetsENSG_MASTER.csv,ETS2g1_DN,544,ENSG00000165025,false,
RNA-seq/RNAseq_biopsies/ets2_genesetsENSG_MASTER.csv,ETS2g1_DN,545,ENSG00000132205,false,
RNA-seq/RNAseq_biopsies/ets2_genesetsENSG_MASTER.csv,ETS2g1_DN,546,ENSG00000005471,false,
RNA-seq/RNAseq_biopsies/ets2_genesetsENSG_MASTER.csv,ETS2g1_DN,547,ENSG00000205726,false,
RNA-seq/RNAseq_biopsies/ets2_genesetsENSG_MASTER.csv,ETS2g1_DN,548,ENSG00000028277,false,
RNA-seq/RNAseq_biopsies/ets2_genesetsENSG_MASTER.csv,ETS2g1_DN,549,ENSG00000152457,false,
RNA-seq/RNAseq_biopsies/ets2_genesetsENSG_MASTER.csv,ETS2g1_DN,550,ENSG00000145569,false,
RNA-seq/RNAseq_biopsies/ets2_genesetsENSG_MASTER.csv,ETS2g1_DN,551,ENSG00000054965,false,
RNA-seq/RNAseq_biopsies/ets2_genesetsENSG_MASTER.csv,ETS2g1_DN,552,ENSG00000242048,false,
RNA-seq/RNAseq_biopsies/ets2_genesetsENSG_MASTER.csv,ETS2g1_DN,553,ENSG00000008282,false,
RNA-seq/RNAseq_biopsies/ets2_genesetsENSG_MASTER.csv,ETS2g1_DN,554,ENSG00000136997,false,
RNA-seq/RNAseq_biopsies/ets2_genesetsENSG_MASTER.csv,ETS2g1_DN,555,ENSG00000229391,false,
RNA-seq/RNAseq_biopsies/ets2_genesetsENSG_MASTER.csv,ETS2g1_DN,556,ENSG00000254087,false,
RNA-seq/RNAseq_biopsies/ets2_genesetsENSG_MASTER.csv,ETS2g1_DN,557,ENSG00000150510,false,
RNA-seq/RNAseq_biopsies/ets2_genesetsENSG_MASTER.csv,ETS2g1_DN,558,ENSG00000116990,false,
RNA-seq/RNAseq_biopsies/ets2_genesetsENSG_MASTER.csv,ETS2g1_DN,559,ENSG00000267534,false,
RNA-seq/RNAseq_biopsies/ets2_genesetsENSG_MASTER.csv,ETS2g1_DN,560,ENSG00000204054,false,
RNA-seq/RNAseq_biopsies/ets2_genesetsENSG_MASTER.csv,ETS2g1_DN,561,ENSG00000188641,false,
RNA-seq/RNAseq_biopsies/ets2_genesetsENSG_MASTER.csv,ETS2g1_DN,562,ENSG00000170458,false,
RNA-seq/RNAseq_biopsies/ets2_genesetsENSG_MASTER.csv,ETS2g1_DN,563,ENSG00000151117,false,
RNA-seq/RNAseq_biopsies/ets2_genesetsENSG_MASTER.csv,ETS2g1_DN,564,ENSG00000183246,false,
RNA-seq/RNAseq_biopsies/ets2_genesetsENSG_MASTER.csv,ETS2g1_DN,565,ENSG00000108854,false,
RNA-seq/RNAseq_biopsies/ets2_genesetsENSG_MASTER.csv,ETS2g1_DN,566,ENSG00000120594,false,
RNA-seq/RNAseq_biopsies/ets2_genesetsENSG_MASTER.csv,ETS2g1_DN,567,ENSG00000179241,false,
RNA-seq/RNAseq_biopsies/ets2_genesetsENSG_MASTER.csv,ETS2g1_DN,568,ENSG00000134802,false,
RNA-seq/RNAseq_biopsies/ets2_genesetsENSG_MASTER.csv,ETS2g1_DN,569,ENSG00000102879,false,
RNA-seq/RNAseq_biopsies/ets2_genesetsENSG_MASTER.csv,ETS2g1_DN,570,ENSG00000153071,false,
RNA-seq/RNAseq_biopsies/ets2_genesetsENSG_MASTER.csv,ETS2g1_DN,571,ENSG00000187796,false,
RNA-seq/RNAseq_biopsies/ets2_genesetsENSG_MASTER.csv,ETS2g1_DN,572,ENSG00000140368,false,
RNA-seq/RNAseq_biopsies/ets2_genesetsENSG_MASTER.csv,ETS2g1_DN,573,ENSG00000142227,false,
RNA-seq/RNAseq_biopsies/ets2_genesetsENSG_MASTER.csv,ETS2g1_DN,574,ENSG00000115318,false,
RNA-seq/RNAseq_biopsies/ets2_genesetsENSG_MASTER.csv,ETS2g1_DN,575,ENSG00000111110,false,
RNA-seq/RNAseq_biopsies/ets2_genesetsENSG_MASTER.csv,ETS2g1_DN,576,ENSG00000145911,false,
RNA-seq/RNAseq_biopsies/ets2_genesetsENSG_MASTER.csv,ETS2g1_DN,577,ENSG00000143183,false,
RNA-seq/RNAseq_biopsies/ets2_genesetsENSG_MASTER.csv,ETS2g1_DN,578,ENSG00000155099,false,
RNA-seq/RNAseq_biopsies/ets2_genesetsENSG_MASTER.csv,ETS2g1_DN,579,ENSG00000140199,false,
RNA-seq/RNAseq_biopsies/ets2_genesetsENSG_MASTER.csv,ETS2g1_DN,580,ENSG00000065308,false,
RNA-seq/RNAseq_biopsies/ets2_genesetsENSG_MASTER.csv,ETS2g1_DN,581,ENSG00000103043,false,
RNA-seq/RNAseq_biopsies/ets2_genesetsENSG_MASTER.csv,ETS2g1_DN,582,ENSG00000135677,false,
RNA-seq/RNAseq_biopsies/ets2_genesetsENSG_MASTER.csv,ETS2g1_DN,583,ENSG00000010327,false,
RNA-seq/RNAseq_biopsies/ets2_genesetsENSG_MASTER.csv,ETS2g1_DN,584,ENSG00000182158,false,
RNA-seq/RNAseq_biopsies/ets2_genesetsENSG_MASTER.csv,ETS2g1_DN,585,ENSG00000141447,false,
RNA-seq/RNAseq_biopsies/ets2_genesetsENSG_MASTER.csv,ETS2g1_DN,586,ENSG00000105609,false,
RNA-seq/RNAseq_biopsies/ets2_genesetsENSG_MASTER.csv,ETS2g1_DN,587,ENSG00000109861,false,
RNA-seq/RNAseq_biopsies/ets2_genesetsENSG_MASTER.csv,ETS2g1_DN,588,ENSG00000162591,false,
RNA-seq/RNAseq_biopsies/ets2_genesetsENSG_MASTER.csv,ETS2g1_DN,589,ENSG00000095383,false,
RNA-seq/RNAseq_biopsies/ets2_genesetsENSG_MASTER.csv,ETS2g1_DN,590,ENSG00000215458,false,
RNA-seq/RNAseq_biopsies/ets2_genesetsENSG_MASTER.csv,ETS2g1_DN,591,ENSG00000175040,false,
RNA-seq/RNAseq_biopsies/ets2_genesetsENSG_MASTER.csv,ETS2g1_DN,592,ENSG00000163932,false,
RNA-seq/RNAseq_biopsies/ets2_genesetsENSG_MASTER.csv,ETS2g1_DN,593,ENSG00000147202,false,
RNA-seq/RNAseq_biopsies/ets2_genesetsENSG_MASTER.csv,ETS2g1_DN,594,ENSG00000106246,false,
RNA-seq/RNAseq_biopsies/ets2_genesetsENSG_MASTER.csv,ETS2g1_DN,595,ENSG00000171867,false,
RNA-seq/RNAseq_biopsies/ets2_genesetsENSG_MASTER.csv,ETS2g1_DN,596,ENSG00000185222,false,
RNA-seq/RNAseq_biopsies/ets2_genesetsENSG_MASTER.csv,ETS2g1_DN,597,ENSG00000148400,false,
RNA-seq/RNAseq_biopsies/ets2_genesetsENSG_MASTER.csv,ETS2g1_DN,598,ENSG00000152359,false,
RNA-seq/RNAseq_biopsies/ets2_genesetsENSG_MASTER.csv,ETS2g1_DN,599,ENSG00000119865,false,
RNA-seq/RNAseq_biopsies/ets2_genesetsENSG_MASTER.csv,ETS2g1_DN,600,ENSG00000100612,false,
RNA-seq/RNAseq_biopsies/ets2_genesetsENSG_MASTER.csv,ETS2g1_DN,601,ENSG00000111145,false,
RNA-seq/RNAseq_biopsies/ets2_genesetsENSG_MASTER.csv,ETS2g1_DN,602,ENSG00000123643,false,
RNA-seq/RNAseq_biopsies/ets2_genesetsENSG_MASTER.csv,ETS2g1_DN,603,ENSG00000131759,false,
RNA-seq/RNAseq_biopsies/ets2_genesetsENSG_MASTER.csv,ETS2g1_DN,604,ENSG00000184500,false,
RNA-seq/RNAseq_biopsies/ets2_genesetsENSG_MASTER.csv,ETS2g1_DN,605,ENSG00000160255,false,
RNA-seq/RNAseq_biopsies/ets2_genesetsENSG_MASTER.csv,ETS2g1_DN,606,ENSG00000162889,false,
RNA-seq/RNAseq_biopsies/ets2_genesetsENSG_MASTER.csv,ETS2g1_DN,607,ENSG00000197943,false,
RNA-seq/RNAseq_biopsies/ets2_genesetsENSG_MASTER.csv,ETS2g1_DN,608,ENSG00000105656,false,
RNA-seq/RNAseq_biopsies/ets2_genesetsENSG_MASTER.csv,ETS2g1_DN,609,ENSG00000170542,false,
RNA-seq/RNAseq_biopsies/ets2_genesetsENSG_MASTER.csv,ETS2g1_DN,610,ENSG00000152291,false,
RNA-seq/RNAseq_biopsies/ets2_genesetsENSG_MASTER.csv,ETS2g1_DN,611,ENSG00000076067,false,
RNA-seq/RNAseq_biopsies/ets2_genesetsENSG_MASTER.csv,ETS2g1_DN,612,ENSG00000101294,false,
RNA-seq/RNAseq_biopsies/ets2_genesetsENSG_MASTER.csv,ETS2g1_DN,613,ENSG00000090520,false,
RNA-seq/RNAseq_biopsies/ets2_genesetsENSG_MASTER.csv,ETS2g1_DN,614,ENSG00000125952,false,
RNA-seq/RNAseq_biopsies/ets2_genesetsENSG_MASTER.csv,ETS2g1_DN,615,ENSG00000164048,false,
RNA-seq/RNAseq_biopsies/ets2_genesetsENSG_MASTER.csv,ETS2g1_DN,616,ENSG00000263753,false,
RNA-seq/RNAseq_biopsies/ets2_genesetsENSG_MASTER.csv,ETS2g1_DN,617,ENSG00000103160,false,
RNA-seq/RNAseq_biopsies/ets2_genesetsENSG_MASTER.csv,ETS2g1_DN,618,ENSG00000144802,false,
RNA-seq/RNAseq_biopsies/ets2_genesetsENSG_MASTER.csv,ETS2g1_DN,619,ENSG00000103042,false,
RNA-seq/RNAseq_biopsies/ets2_genesetsENSG_MASTER.csv,ETS2g1_DN,620,ENSG00000132535,false,
RNA-seq/RNAseq_biopsies/ets2_genesetsENSG_MASTER.csv,ETS2g1_DN,621,ENSG00000168421,false,
RNA-seq/RNAseq_biopsies/ets2_genesetsENSG_MASTER.csv,ETS2g1_DN,622,ENSG00000127507,false,
RNA-seq/RNAseq_biopsies/ets2_genesetsENSG_MASTER.csv,ETS2g1_DN,623,ENSG00000198265,false,
RNA-seq/RNAseq_biopsies/ets2_genesetsENSG_MASTER.csv,ETS2g1_DN,624,ENSG00000165092,false,
RNA-seq/RNAseq_biopsies/ets2_genesetsENSG_MASTER.csv,ETS2g1_DN,625,ENSG00000140497,false,
RNA-seq/RNAseq_biopsies/ets2_genesetsENSG_MASTER.csv,ETS2g1_DN,626,ENSG00000168994,false,
RNA-seq/RNAseq_biopsies/ets2_genesetsENSG_MASTER.csv,ETS2g1_DN,627,ENSG00000159788,false,
RNA-seq/RNAseq_biopsies/ets2_genesetsENSG_MASTER.csv,ETS2g1_DN,628,ENSG00000248429,false,
RNA-seq/RNAseq_biopsies/ets2_genesetsENSG_MASTER.csv,ETS2g1_DN,629,ENSG00000134769,false,
RNA-seq/RNAseq_biopsies/ets2_genesetsENSG_MASTER.csv,ETS2g1_DN,630,ENSG00000128284,false,
RNA-seq/RNAseq_biopsies/ets2_genesetsENSG_MASTER.csv,ETS2g1_DN,631,ENSG00000091157,false,
RNA-seq/RNAseq_biopsies/ets2_genesetsENSG_MASTER.csv,ETS2g1_DN,632,ENSG00000181409,false,
RNA-seq/RNAseq_biopsies/ets2_genesetsENSG_MASTER.csv,ETS2g1_DN,633,ENSG00000257354,false,
RNA-seq/RNAseq_biopsies/ets2_genesetsENSG_MASTER.csv,ETS2g1_DN,634,ENSG00000166479,false,
RNA-seq/RNAseq_biopsies/ets2_genesetsENSG_MASTER.csv,ETS2g1_DN,635,ENSG00000103335,false,
RNA-seq/RNAseq_biopsies/ets2_genesetsENSG_MASTER.csv,ETS2g1_DN,636,ENSG00000173638,false,
RNA-seq/RNAseq_biopsies/ets2_genesetsENSG_MASTER.csv,ETS2g1_DN,637,ENSG00000165168,false,
RNA-seq/RNAseq_biopsies/ets2_genesetsENSG_MASTER.csv,ETS2g1_DN,638,ENSG00000196476,false,
RNA-seq/RNAseq_biopsies/ets2_genesetsENSG_MASTER.csv,ETS2g1_DN,639,ENSG00000157870,false,
RNA-seq/RNAseq_biopsies/ets2_genesetsENSG_MASTER.csv,ETS2g1_DN,640,ENSG00000163131,false,
RNA-seq/RNAseq_biopsies/ets2_genesetsENSG_MASTER.csv,ETS2g1_DN,641,ENSG00000196083,false,
RNA-seq/RNAseq_biopsies/ets2_genesetsENSG_MASTER.csv,ETS2g1_DN,642,ENSG00000128016,false,
RNA-seq/RNAseq_biopsies/ets2_genesetsENSG_MASTER.csv,ETS2g1_DN,643,ENSG00000125505,false,
RNA-seq/RNAseq_biopsies/ets2_genesetsENSG_MASTER.csv,ETS2g1_DN,644,ENSG00000163110,false,
RNA-seq/RNAseq_biopsies/ets2_genesetsENSG_MASTER.csv,ETS2g1_DN,645,ENSG00000260231,false,
RNA-seq/RNAseq_biopsies/ets2_genesetsENSG_MASTER.csv,ETS2g1_DN,646,ENSG00000122729,false,
RNA-seq/RNAseq_biopsies/ets2_genesetsENSG_MASTER.csv,ETS2g1_DN,647,ENSG00000186522,false,
RNA-seq/RNAseq_biopsies/ets2_genesetsENSG_MASTER.csv,ETS2g1_DN,648,ENSG00000227825,false,
RNA-seq/RNAseq_biopsies/ets2_genesetsENSG_MASTER.csv,ETS2g1_DN,649,ENSG00000164402,false,
RNA-seq/RNAseq_biopsies/ets2_genesetsENSG_MASTER.csv,ETS2g1_DN,650,ENSG00000059377,false,
RNA-seq/RNAseq_biopsies/ets2_genesetsENSG_MASTER.csv,ETS2g1_DN,651,ENSG00000146828,false,
RNA-seq/RNAseq_biopsies/ets2_genesetsENSG_MASTER.csv,ETS2g1_DN,652,ENSG00000168675,false,
RNA-seq/RNAseq_biopsies/ets2_genesetsENSG_MASTER.csv,ETS2g1_DN,653,ENSG00000040933,false,
RNA-seq/RNAseq_biopsies/ets2_genesetsENSG_MASTER.csv,ETS2g1_DN,654,ENSG00000103319,false,
RNA-seq/RNAseq_biopsies/ets2_genesetsENSG_MASTER.csv,ETS2g1_DN,655,ENSG00000163864,false,
RNA-seq/RNAseq_biopsies/ets2_genesetsENSG_MASTER.csv,ETS2g1_DN,656,ENSG00000091592,false,
RNA-seq/RNAseq_biopsies/ets2_genesetsENSG_MASTER.csv,ETS2g1_DN,657,ENSG00000120708,false,
RNA-seq/RNAseq_biopsies/ets2_genesetsENSG_MASTER.csv,ETS2g1_DN,658,ENSG00000181444,false,
RNA-seq/RNAseq_biopsies/ets2_genesetsENSG_MASTER.csv,ETS2g1_DN,659,ENSG00000011422,false,
RNA-seq/RNAseq_biopsies/ets2_genesetsENSG_MASTER.csv,ETS2g1_DN,660,ENSG00000130589,false,
RNA-seq/RNAseq_biopsies/ets2_genesetsENSG_MASTER.csv,ETS2g1_DN,661,ENSG00000074855,false,
RNA-seq/RNAseq_biopsies/ets2_genesetsENSG_MASTER.csv,ETS2g1_DN,662,ENSG00000167925,false,
RNA-seq/RNAseq_biopsies/ets2_genesetsENSG_MASTER.csv,ETS2g1_DN,663,ENSG00000080200,false,
RNA-seq/RNAseq_biopsies/ets2_genesetsENSG_MASTER.csv,ETS2g1_DN,664,ENSG00000079819,false,
RNA-seq/RNAseq_biopsies/ets2_genesetsENSG_MASTER.csv,ETS2g1_DN,665,ENSG00000139318,false,
RNA-seq/RNAseq_biopsies/ets2_genesetsENSG_MASTER.csv,ETS2g1_DN,666,ENSG00000160883,false,
RNA-seq/RNAseq_biopsies/ets2_genesetsENSG_MASTER.csv,ETS2g1_DN,667,ENSG00000115020,false,
RNA-seq/RNAseq_biopsies/ets2_genesetsENSG_MASTER.csv,ETS2g1_DN,668,ENSG00000164828,false,
RNA-seq/RNAseq_biopsies/ets2_genesetsENSG_MASTER.csv,ETS2g1_DN,669,ENSG00000143603,false,
RNA-seq/RNAseq_biopsies/ets2_genesetsENSG_MASTER.csv,ETS2g1_DN,670,ENSG00000148158,false,
RNA-seq/RNAseq_biopsies/ets2_genesetsENSG_MASTER.csv,ETS2g1_DN,671,ENSG00000148288,false,
RNA-seq/RNAseq_biopsies/ets2_genesetsENSG_MASTER.csv,ETS2g1_DN,672,ENSG00000122986,false,
RNA-seq/RNAseq_biopsies/ets2_genesetsENSG_MASTER.csv,ETS2g1_DN,673,ENSG00000072518,false,
RNA-seq/RNAseq_biopsies/ets2_genesetsENSG_MASTER.csv,ETS2g1_DN,674,ENSG00000181191,false,
RNA-seq/RNAseq_biopsies/ets2_genesetsENSG_MASTER.csv,ETS2g1_DN,675,ENSG00000271605,false,
RNA-seq/RNAseq_biopsies/ets2_genesetsENSG_MASTER.csv,ETS2g1_DN,676,ENSG00000132694,false,
RNA-seq/RNAseq_biopsies/ets2_genesetsENSG_MASTER.csv,ETS2g1_DN,677,ENSG00000136404,false,
RNA-seq/RNAseq_biopsies/ets2_genesetsENSG_MASTER.csv,ETS2g1_DN,678,ENSG00000150637,false,
RNA-seq/RNAseq_biopsies/ets2_genesetsENSG_MASTER.csv,ETS2g1_DN,679,ENSG00000106266,false,
RNA-seq/RNAseq_biopsies/ets2_genesetsENSG_MASTER.csv,ETS2g1_DN,680,ENSG00000112851,false,
RNA-seq/RNAseq_biopsies/ets2_genesetsENSG_MASTER.csv,ETS2g1_DN,681,ENSG00000178935,false,
RNA-seq/RNAseq_biopsies/ets2_genesetsENSG_MASTER.csv,ETS2g1_DN,682,ENSG00000133805,false,
RNA-seq/RNAseq_biopsies/ets2_genesetsENSG_MASTER.csv,ETS2g1_DN,683,ENSG00000104774,false,
RNA-seq/RNAseq_biopsies/ets2_genesetsENSG_MASTER.csv,ETS2g1_DN,684,ENSG00000253522,false,
RNA-seq/RNAseq_biopsies/ets2_genesetsENSG_MASTER.csv,ETS2g1_DN,685,ENSG00000148483,false,
RNA-seq/RNAseq_biopsies/ets2_genesetsENSG_MASTER.csv,ETS2g1_DN,686,ENSG00000142459,false,
RNA-seq/RNAseq_biopsies/ets2_genesetsENSG_MASTER.csv,ETS2g1_DN,687,ENSG00000122861,false,
RNA-seq/RNAseq_biopsies/ets2_genesetsENSG_MASTER.csv,ETS2g1_DN,688,ENSG00000111731,false,
RNA-seq/RNAseq_biopsies/ets2_genesetsENSG_MASTER.csv,ETS2g1_DN,689,ENSG00000185305,false,
RNA-seq/RNAseq_biopsies/ets2_genesetsENSG_MASTER.csv,ETS2g1_DN,690,ENSG00000198561,false,
RNA-seq/RNAseq_biopsies/ets2_genesetsENSG_MASTER.csv,ETS2g1_DN,691,ENSG00000103966,false,
RNA-seq/RNAseq_biopsies/ets2_genesetsENSG_MASTER.csv,ETS2g1_DN,692,ENSG00000167566,false,
RNA-seq/RNAseq_biopsies/ets2_genesetsENSG_MASTER.csv,ETS2g1_DN,693,ENSG00000137364,false,
RNA-seq/RNAseq_biopsies/ets2_genesetsENSG_MASTER.csv,ETS2g1_DN,694,ENSG00000164086,false,
RNA-seq/RNAseq_biopsies/ets2_genesetsENSG_MASTER.csv,ETS2g1_DN,695,ENSG00000136161,false,
RNA-seq/RNAseq_biopsies/ets2_genesetsENSG_MASTER.csv,ETS2g1_DN,696,ENSG00000198689,false,
RNA-seq/RNAseq_biopsies/ets2_genesetsENSG_MASTER.csv,ETS2g1_DN,697,ENSG00000131504,false,
RNA-seq/RNAseq_biopsies/ets2_genesetsENSG_MASTER.csv,ETS2g1_DN,698,ENSG00000157107,false,
RNA-seq/RNAseq_biopsies/ets2_genesetsENSG_MASTER.csv,ETS2g1_DN,699,ENSG00000108405,false,
RNA-seq/RNAseq_biopsies/ets2_genesetsENSG_MASTER.csv,ETS2g1_DN,700,ENSG00000242498,false,
RNA-seq/RNAseq_biopsies/ets2_genesetsENSG_MASTER.csv,ETS2g1_DN,701,ENSG00000179144,false,
RNA-seq/RNAseq_biopsies/ets2_genesetsENSG_MASTER.csv,ETS2g1_DN,702,ENSG00000104974,false,
RNA-seq/RNAseq_biopsies/ets2_genesetsENSG_MASTER.csv,ETS2g1_DN,703,ENSG00000225190,false,
RNA-seq/RNAseq_biopsies/ets2_genesetsENSG_MASTER.csv,ETS2g1_DN,704,ENSG00000117153,false,
RNA-seq/RNAseq_biopsies/ets2_genesetsENSG_MASTER.csv,ETS2g1_DN,705,ENSG00000141179,false,
RNA-seq/RNAseq_biopsies/ets2_genesetsENSG_MASTER.csv,ETS2g1_DN,706,ENSG00000157601,false,
RNA-seq/RNAseq_biopsies/ets2_genesetsENSG_MASTER.csv,ETS2g1_DN,707,ENSG00000185033,false,
RNA-seq/RNAseq_biopsies/ets2_genesetsENSG_MASTER.csv,ETS2g1_DN,708,ENSG00000107798,false,
RNA-seq/RNAseq_biopsies/ets2_genesetsENSG_MASTER.csv,ETS2g1_DN,709,ENSG00000140416,false,
RNA-seq/RNAseq_biopsies/ets2_genesetsENSG_MASTER.csv,ETS2g1_DN,710,ENSG00000012779,false,
RNA-seq/RNAseq_biopsies/ets2_genesetsENSG_MASTER.csv,ETS2g1_DN,711,ENSG00000147416,false,
RNA-seq/RNAseq_biopsies/ets2_genesetsENSG_MASTER.csv,ETS2g1_DN,712,ENSG00000013288,false,
RNA-seq/RNAseq_biopsies/ets2_genesetsENSG_MASTER.csv,ETS2g1_DN,713,ENSG00000139625,false,
RNA-seq/RNAseq_biopsies/ets2_genesetsENSG_MASTER.csv,ETS2g1_DN,714,ENSG00000272625,false,
RNA-seq/RNAseq_biopsies/ets2_genesetsENSG_MASTER.csv,ETS2g1_DN,715,ENSG00000125304,false,
RNA-seq/RNAseq_biopsies/ets2_genesetsENSG_MASTER.csv,ETS2g1_DN,716,ENSG00000170791,false,
RNA-seq/RNAseq_biopsies/ets2_genesetsENSG_MASTER.csv,ETS2g1_DN,717,ENSG00000204044,false,
RNA-seq/RNAseq_biopsies/ets2_genesetsENSG_MASTER.csv,ETS2g1_DN,718,ENSG00000197782,false,
RNA-seq/RNAseq_biopsies/ets2_genesetsENSG_MASTER.csv,ETS2g1_DN,719,ENSG00000114737,false,
RNA-seq/RNAseq_biopsies/ets2_genesetsENSG_MASTER.csv,ETS2g1_DN,720,ENSG00000204310,false,
RNA-seq/RNAseq_biopsies/ets2_genesetsENSG_MASTER.csv,ETS2g1_DN,721,ENSG00000198964,false,
RNA-seq/RNAseq_biopsies/ets2_genesetsENSG_MASTER.csv,ETS2g1_DN,722,ENSG00000104783,false,
RNA-seq/RNAseq_biopsies/ets2_genesetsENSG_MASTER.csv,ETS2g1_DN,723,ENSG00000117091,false,
RNA-seq/RNAseq_biopsies/ets2_genesetsENSG_MASTER.csv,ETS2g1_DN,724,ENSG00000132669,false,
RNA-seq/RNAseq_biopsies/ets2_genesetsENSG_MASTER.csv,ETS2g1_DN,725,ENSG00000164603,false,
RNA-seq/RNAseq_biopsies/ets2_genesetsENSG_MASTER.csv,ETS2g1_DN,726,ENSG00000239998,false,
RNA-seq/RNAseq_biopsies/ets2_genesetsENSG_MASTER.csv,ETS2g1_DN,727,ENSG00000185477,false,
RNA-seq/RNAseq_biopsies/ets2_genesetsENSG_MASTER.csv,ETS2g1_DN,728,ENSG00000171155,false,
RNA-seq/RNAseq_biopsies/ets2_genesetsENSG_MASTER.csv,ETS2g1_DN,729,ENSG00000132334,false,
RNA-seq/RNAseq_biopsies/ets2_genesetsENSG_MASTER.csv,ETS2g1_DN,730,ENSG00000134242,false,
RNA-seq/RNAseq_biopsies/ets2_genesetsENSG_MASTER.csv,ETS2g1_DN,731,ENSG00000102445,false,
RNA-seq/RNAseq_biopsies/ets2_genesetsENSG_MASTER.csv,ETS2g1_DN,732,ENSG00000275131,false,
RNA-seq/RNAseq_biopsies/ets2_genesetsENSG_MASTER.csv,ETS2g1_DN,733,ENSG00000171428,false,
RNA-seq/RNAseq_biopsies/ets2_genesetsENSG_MASTER.csv,ETS2g1_DN,734,ENSG00000148175,false,
RNA-seq/RNAseq_biopsies/ets2_genesetsENSG_MASTER.csv,ETS2g1_DN,735,ENSG00000160111,false,
RNA-seq/RNAseq_biopsies/ets2_genesetsENSG_MASTER.csv,ETS2g1_DN,736,ENSG00000235106,false,
RNA-seq/RNAseq_biopsies/ets2_genesetsENSG_MASTER.csv,ETS2g1_DN,737,ENSG00000143337,false,
RNA-seq/RNAseq_biopsies/ets2_genesetsENSG_MASTER.csv,ETS2g1_DN,738,ENSG00000276758,false,
RNA-seq/RNAseq_biopsies/ets2_genesetsENSG_MASTER.csv,ETS2g1_DN,739,ENSG00000198853,false,
RNA-seq/RNAseq_biopsies/ets2_genesetsENSG_MASTER.csv,ETS2g1_DN,740,ENSG00000115204,false,
RNA-seq/RNAseq_biopsies/ets2_genesetsENSG_MASTER.csv,ETS2g1_DN,741,ENSG00000137038,false,
RNA-seq/RNAseq_biopsies/ets2_genesetsENSG_MASTER.csv,ETS2g1_DN,742,ENSG00000100311,false,
RNA-seq/RNAseq_biopsies/ets2_genesetsENSG_MASTER.csv,ETS2g1_DN,743,ENSG00000100181,false,
RNA-seq/RNAseq_biopsies/ets2_genesetsENSG_MASTER.csv,ETS2g1_DN,744,ENSG00000185361,false,
RNA-seq/RNAseq_biopsies/ets2_genesetsENSG_MASTER.csv,ETS2g1_DN,745,ENSG00000163162,false,
RNA-seq/RNAseq_biopsies/ets2_genesetsENSG_MASTER.csv,ETS2g1_DN,746,ENSG00000110031,false,
RNA-seq/RNAseq_biopsies/ets2_genesetsENSG_MASTER.csv,ETS2g1_DN,747,ENSG00000064115,false,
RNA-seq/RNAseq_biopsies/ets2_genesetsENSG_MASTER.csv,ETS2g1_DN,748,ENSG00000110057,false,
RNA-seq/RNAseq_biopsies/ets2_genesetsENSG_MASTER.csv,ETS2g1_DN,749,ENSG00000133704,false,
RNA-seq/RNAseq_biopsies/ets2_genesetsENSG_MASTER.csv,ETS2g1_DN,750,ENSG00000084234,false,
RNA-seq/RNAseq_biopsies/ets2_genesetsENSG_MASTER.csv,ETS2g1_DN,751,ENSG00000183621,false,
RNA-seq/RNAseq_biopsies/ets2_genesetsENSG_MASTER.csv,ETS2g1_DN,752,ENSG00000126705,false,
RNA-seq/RNAseq_biopsies/ets2_genesetsENSG_MASTER.csv,ETS2g1_DN,753,ENSG00000136205,false,
RNA-seq/RNAseq_biopsies/ets2_genesetsENSG_MASTER.csv,ETS2g1_DN,754,ENSG00000164465,false,
RNA-seq/RNAseq_biopsies/ets2_genesetsENSG_MASTER.csv,ETS2g1_DN,755,ENSG00000188042,false,
RNA-seq/RNAseq_biopsies/ets2_genesetsENSG_MASTER.csv,ETS2g1_DN,756,ENSG00000103994,false,
RNA-seq/RNAseq_biopsies/ets2_genesetsENSG_MASTER.csv,ETS2g1_DN,757,ENSG00000176542,false,
RNA-seq/RNAseq_biopsies/ets2_genesetsENSG_MASTER.csv,ETS2g1_DN,758,ENSG00000182511,false,
RNA-seq/RNAseq_biopsies/ets2_genesetsENSG_MASTER.csv,ETS2g1_DN,759,ENSG00000213203,false,
RNA-seq/RNAseq_biopsies/ets2_genesetsENSG_MASTER.csv,ETS2g1_DN,760,ENSG00000059804,false,
RNA-seq/RNAseq_biopsies/ets2_genesetsENSG_MASTER.csv,ETS2g1_DN,761,ENSG00000169230,false,
RNA-seq/RNAseq_biopsies/ets2_genesetsENSG_MASTER.csv,ETS2g1_DN,762,ENSG00000111364,false,
RNA-seq/RNAseq_biopsies/ets2_genesetsENSG_MASTER.csv,ETS2g1_DN,763,ENSG00000088256,false,
RNA-seq/RNAseq_biopsies/ets2_genesetsENSG_MASTER.csv,ETS2g1_DN,764,ENSG00000168476,false,
RNA-seq/RNAseq_biopsies/ets2_genesetsENSG_MASTER.csv,ETS2g1_DN,765,ENSG00000008869,false,
RNA-seq/RNAseq_biopsies/ets2_genesetsENSG_MASTER.csv,ETS2g1_DN,766,ENSG00000112394,false,
RNA-seq/RNAseq_biopsies/ets2_genesetsENSG_MASTER.csv,ETS2g1_DN,767,ENSG00000104299,false,
RNA-seq/RNAseq_biopsies/ets2_genesetsENSG_MASTER.csv,ETS2g1_DN,768,ENSG00000163823,false,
RNA-seq/RNAseq_biopsies/ets2_genesetsENSG_MASTER.csv,ETS2g1_DN,769,ENSG00000107819,false,
RNA-seq/RNAseq_biopsies/ets2_genesetsENSG_MASTER.csv,ETS2g1_DN,770,ENSG00000008256,false,
RNA-seq/RNAseq_biopsies/ets2_genesetsENSG_MASTER.csv,ETS2g1_DN,771,ENSG00000178226,false,
RNA-seq/RNAseq_biopsies/ets2_genesetsENSG_MASTER.csv,ETS2g1_DN,772,ENSG00000133121,false,
RNA-seq/RNAseq_biopsies/ets2_genesetsENSG_MASTER.csv,ETS2g1_DN,773,ENSG00000182782,false,
RNA-seq/RNAseq_biopsies/ets2_genesetsENSG_MASTER.csv,ETS2g1_DN,774,ENSG00000137496,false,
RNA-seq/RNAseq_biopsies/ets2_genesetsENSG_MASTER.csv,ETS2g1_DN,775,ENSG00000139132,false,
RNA-seq/RNAseq_biopsies/ets2_genesetsENSG_MASTER.csv,ETS2g1_DN,776,ENSG00000068024,false,
RNA-seq/RNAseq_biopsies/ets2_genesetsENSG_MASTER.csv,ETS2g1_DN,777,ENSG00000135077,false,
RNA-seq/RNAseq_biopsies/ets2_genesetsENSG_MASTER.csv,ETS2g1_DN,778,ENSG00000104738,false,
RNA-seq/RNAseq_biopsies/ets2_genesetsENSG_MASTER.csv,ETS2g1_DN,779,ENSG00000069869,false,
RNA-seq/RNAseq_biopsies/ets2_genesetsENSG_MASTER.csv,ETS2g1_DN,780,ENSG00000143067,false,
RNA-seq/RNAseq_biopsies/ets2_genesetsENSG_MASTER.csv,ETS2g1_DN,781,ENSG00000084444,false,
RNA-seq/RNAseq_biopsies/ets2_genesetsENSG_MASTER.csv,ETS2g1_DN,782,ENSG00000164442,false,
RNA-seq/RNAseq_biopsies/ets2_genesetsENSG_MASTER.csv,ETS2g1_DN,783,ENSG00000134851,false,
RNA-seq/RNAseq_biopsies/ets2_genesetsENSG_MASTER.csv,ETS2g1_DN,784,ENSG00000163219,false,
RNA-seq/RNAseq_biopsies/ets2_genesetsENSG_MASTER.csv,ETS2g1_DN,785,ENSG00000116406,false,
RNA-seq/RNAseq_biopsies/ets2_genesetsENSG_MASTER.csv,ETS2g1_DN,786,ENSG00000154451,false,
RNA-seq/RNAseq_biopsies/ets2_genesetsENSG_MASTER.csv,ETS2g1_DN,787,ENSG00000168389,false,
RNA-seq/RNAseq_biopsies/ets2_genesetsENSG_MASTER.csv,ETS2g1_DN,788,ENSG00000162923,false,
RNA-seq/RNAseq_biopsies/ets2_genesetsENSG_MASTER.csv,ETS2g1_DN,789,ENSG00000139437,false,
RNA-seq/RNAseq_biopsies/ets2_genesetsENSG_MASTER.csv,ETS2g1_DN,790,ENSG00000198837,false,
RNA-seq/RNAseq_biopsies/ets2_genesetsENSG_MASTER.csv,ETS2g1_DN,791,ENSG00000121281,false,
RNA-seq/RNAseq_biopsies/ets2_genesetsENSG_MASTER.csv,ETS2g1_DN,792,ENSG00000150961,false,
RNA-seq/RNAseq_biopsies/ets2_genesetsENSG_MASTER.csv,ETS2g1_DN,793,ENSG00000149929,false,
RNA-seq/RNAseq_biopsies/ets2_genesetsENSG_MASTER.csv,ETS2g1_DN,794,ENSG00000068400,false,
RNA-seq/RNAseq_biopsies/ets2_genesetsENSG_MASTER.csv,ETS2g1_DN,795,ENSG00000093144,false,
RNA-seq/RNAseq_biopsies/ets2_genesetsENSG_MASTER.csv,ETS2g1_DN,796,ENSG00000110013,false,
RNA-seq/RNAseq_biopsies/ets2_genesetsENSG_MASTER.csv,ETS2g1_DN,797,ENSG00000178104,false,
RNA-seq/RNAseq_biopsies/ets2_genesetsENSG_MASTER.csv,ETS2g1_DN,798,ENSG00000113916,false,
RNA-seq/RNAseq_biopsies/ets2_genesetsENSG_MASTER.csv,ETS2g1_DN,799,ENSG00000204103,false,
RNA-seq/RNAseq_biopsies/ets2_genesetsENSG_MASTER.csv,ETS2g1_DN,800,ENSG00000251624,false,
RNA-seq/RNAseq_biopsies/ets2_genesetsENSG_MASTER.csv,ETS2g1_DN,801,ENSG00000111424,false,
RNA-seq/RNAseq_biopsies/ets2_genesetsENSG_MASTER.csv,ETS2g1_DN,802,ENSG00000172932,false,
RNA-seq/RNAseq_biopsies/ets2_genesetsENSG_MASTER.csv,ETS2g1_DN,803,ENSG00000185989,false,
RNA-seq/RNAseq_biopsies/ets2_genesetsENSG_MASTER.csv,ETS2g1_DN,804,ENSG00000132541,false,
RNA-seq/RNAseq_biopsies/ets2_genesetsENSG_MASTER.csv,ETS2g1_DN,805,ENSG00000179331,false,
RNA-seq/RNAseq_biopsies/ets2_genesetsENSG_MASTER.csv,ETS2g1_DN,806,ENSG00000154262,false,
RNA-seq/RNAseq_biopsies/ets2_genesetsENSG_MASTER.csv,ETS2g1_DN,807,ENSG00000166527,false,
RNA-seq/RNAseq_biopsies/ets2_genesetsENSG_MASTER.csv,ETS2g1_DN,808,ENSG00000017260,false,
RNA-seq/RNAseq_biopsies/ets2_genesetsENSG_MASTER.csv,ETS2g1_DN,809,ENSG00000100023,false,
RNA-seq/RNAseq_biopsies/ets2_genesetsENSG_MASTER.csv,ETS2g1_DN,810,ENSG00000115159,false,
RNA-seq/RNAseq_biopsies/ets2_genesetsENSG_MASTER.csv,ETS2g1_DN,811,ENSG00000133812,false,
RNA-seq/RNAseq_biopsies/ets2_genesetsENSG_MASTER.csv,ETS2g1_DN,812,ENSG00000159082,false,
RNA-seq/RNAseq_biopsies/ets2_genesetsENSG_MASTER.csv,ETS2g1_DN,813,ENSG00000138801,false,
RNA-seq/RNAseq_biopsies/ets2_genesetsENSG_MASTER.csv,ETS2g1_DN,814,ENSG00000120318,false,
RNA-seq/RNAseq_biopsies/ets2_genesetsENSG_MASTER.csv,ETS2g1_DN,815,ENSG00000135678,false,
RNA-seq/RNAseq_biopsies/ets2_genesetsENSG_MASTER.csv,ETS2g1_DN,816,ENSG00000138670,false,
RNA-seq/RNAseq_biopsies/ets2_genesetsENSG_MASTER.csv,ETS2g1_DN,817,ENSG00000105499,false,
RNA-seq/RNAseq_biopsies/ets2_genesetsENSG_MASTER.csv,ETS2g1_DN,818,ENSG00000215861,false,
RNA-seq/RNAseq_biopsies/ets2_genesetsENSG_MASTER.csv,ETS2g1_DN,819,ENSG00000113269,false,
RNA-seq/RNAseq_biopsies/ets2_genesetsENSG_MASTER.csv,ETS2g1_DN,820,ENSG00000157350,false,
RNA-seq/RNAseq_biopsies/ets2_genesetsENSG_MASTER.csv,ETS2g1_DN,821,ENSG00000184730,false,
RNA-seq/RNAseq_biopsies/ets2_genesetsENSG_MASTER.csv,ETS2g1_DN,822,ENSG00000187808,false,
RNA-seq/RNAseq_biopsies/ets2_genesetsENSG_MASTER.csv,ETS2g1_DN,823,ENSG00000062716,false,
RNA-seq/RNAseq_biopsies/ets2_genesetsENSG_MASTER.csv,ETS2g1_DN,824,ENSG00000168769,false,
RNA-seq/RNAseq_biopsies/ets2_genesetsENSG_MASTER.csv,ETS2g1_DN,825,ENSG00000144136,false,
RNA-seq/RNAseq_biopsies/ets2_genesetsENSG_MASTER.csv,ETS2g1_DN,826,ENSG00000135218,false,
RNA-seq/RNAseq_biopsies/ets2_genesetsENSG_MASTER.csv,ETS2g1_DN,827,ENSG00000074370,false,
RNA-seq/RNAseq_biopsies/ets2_genesetsENSG_MASTER.csv,ETS2g1_DN,828,ENSG00000167895,false,
RNA-seq/RNAseq_biopsies/ets2_genesetsENSG_MASTER.csv,ETS2g1_DN,829,ENSG00000187554,false,
RNA-seq/RNAseq_biopsies/ets2_genesetsENSG_MASTER.csv,ETS2g1_DN,830,ENSG00000157036,false,
RNA-seq/RNAseq_biopsies/ets2_genesetsENSG_MASTER.csv,ETS2g1_DN,831,ENSG00000156787,false,
RNA-seq/RNAseq_biopsies/ets2_genesetsENSG_MASTER.csv,ETS2g1_DN,832,ENSG00000145476,false,
RNA-seq/RNAseq_biopsies/ets2_genesetsENSG_MASTER.csv,ETS2g1_DN,833,ENSG00000129993,false,
RNA-seq/RNAseq_biopsies/ets2_genesetsENSG_MASTER.csv,ETS2g1_DN,834,ENSG00000128228,false,
RNA-seq/RNAseq_biopsies/ets2_genesetsENSG_MASTER.csv,ETS2g1_DN,835,ENSG00000197405,false,
RNA-seq/RNAseq_biopsies/ets2_genesetsENSG_MASTER.csv,ETS2g1_DN,836,ENSG00000163719,false,
RNA-seq/RNAseq_biopsies/ets2_genesetsENSG_MASTER.csv,ETS2g1_DN,837,ENSG00000172578,false,
RNA-seq/RNAseq_biopsies/ets2_genesetsENSG_MASTER.csv,ETS2g1_DN,838,ENSG00000106066,false,
RNA-seq/RNAseq_biopsies/ets2_genesetsENSG_MASTER.csv,ETS2g1_DN,839,ENSG00000153208,false,
RNA-seq/RNAseq_biopsies/ets2_genesetsENSG_MASTER.csv,ETS2g1_DN,840,ENSG00000180316,false,
RNA-seq/RNAseq_biopsies/ets2_genesetsENSG_MASTER.csv,ETS2g1_DN,841,ENSG00000005882,false,
RNA-seq/RNAseq_biopsies/ets2_genesetsENSG_MASTER.csv,ETS2g1_DN,842,ENSG00000145781,false,
RNA-seq/RNAseq_biopsies/ets2_genesetsENSG_MASTER.csv,ETS2g1_DN,843,ENSG00000143387,false,
RNA-seq/RNAseq_biopsies/ets2_genesetsENSG_MASTER.csv,ETS2g1_DN,844,ENSG00000172375,false,
RNA-seq/RNAseq_biopsies/ets2_genesetsENSG_MASTER.csv,ETS2g1_DN,845,ENSG00000186407,false,
RNA-seq/RNAseq_biopsies/ets2_genesetsENSG_MASTER.csv,ETS2g1_DN,846,ENSG00000149781,false,
RNA-seq/RNAseq_biopsies/ets2_genesetsENSG_MASTER.csv,ETS2g1_DN,847,ENSG00000203710,false,
RNA-seq/RNAseq_biopsies/ets2_genesetsENSG_MASTER.csv,ETS2g1_DN,848,ENSG00000198189,false,
RNA-seq/RNAseq_biopsies/ets2_genesetsENSG_MASTER.csv,ETS2g1_DN,849,ENSG00000126822,false,
RNA-seq/RNAseq_biopsies/ets2_genesetsENSG_MASTER.csv,ETS2g1_DN,850,ENSG00000165801,false,
RNA-seq/RNAseq_biopsies/ets2_genesetsENSG_MASTER.csv,ETS2g1_DN,851,ENSG00000133195,false,
RNA-seq/RNAseq_biopsies/ets2_genesetsENSG_MASTER.csv,ETS2g1_DN,852,ENSG00000151474,false,
RNA-seq/RNAseq_biopsies/ets2_genesetsENSG_MASTER.csv,ETS2g1_DN,853,ENSG00000118564,false,
RNA-seq/RNAseq_biopsies/ets2_genesetsENSG_MASTER.csv,ETS2g1_DN,854,ENSG00000178700,false,
RNA-seq/RNAseq_biopsies/ets2_genesetsENSG_MASTER.csv,ETS2g1_DN,855,ENSG00000159399,false,
RNA-seq/RNAseq_biopsies/ets2_genesetsENSG_MASTER.csv,ETS2g1_DN,856,ENSG00000100092,false,
RNA-seq/RNAseq_biopsies/ets2_genesetsENSG_MASTER.csv,ETS2g1_DN,857,ENSG00000150938,false,
RNA-seq/RNAseq_biopsies/ets2_genesetsENSG_MASTER.csv,ETS2g1_DN,858,ENSG00000169398,false,
RNA-seq/RNAseq_biopsies/ets2_genesetsENSG_MASTER.csv,ETS2g1_DN,859,ENSG00000075651,false,
RNA-seq/RNAseq_biopsies/ets2_genesetsENSG_MASTER.csv,ETS2g1_DN,860,ENSG00000148737,false,
RNA-seq/RNAseq_biopsies/ets2_genesetsENSG_MASTER.csv,ETS2g1_DN,861,ENSG00000150433,false,
RNA-seq/RNAseq_biopsies/ets2_genesetsENSG_MASTER.csv,ETS2g1_DN,862,ENSG00000112096,false,
RNA-seq/RNAseq_biopsies/ets2_genesetsENSG_MASTER.csv,ETS2g1_DN,863,ENSG00000188483,false,
RNA-seq/RNAseq_biopsies/ets2_genesetsENSG_MASTER.csv,ETS2g1_DN,864,ENSG00000205269,false,
RNA-seq/RNAseq_biopsies/ets2_genesetsENSG_MASTER.csv,ETS2g1_DN,865,ENSG00000186431,false,
RNA-seq/RNAseq_biopsies/ets2_genesetsENSG_MASTER.csv,ETS2g1_DN,866,ENSG00000179163,false,
RNA-seq/RNAseq_biopsies/ets2_genesetsENSG_MASTER.csv,ETS2g1_DN,867,ENSG00000173846,false,
RNA-seq/RNAseq_biopsies/ets2_genesetsENSG_MASTER.csv,ETS2g1_DN,868,ENSG00000170345,false,
RNA-seq/RNAseq_biopsies/ets2_genesetsENSG_MASTER.csv,ETS2g1_DN,869,ENSG00000180061,false,
RNA-seq/RNAseq_biopsies/ets2_genesetsENSG_MASTER.csv,ETS2g1_DN,870,ENSG00000140263,false,
RNA-seq/RNAseq_biopsies/ets2_genesetsENSG_MASTER.csv,ETS2g1_DN,871,ENSG00000099308,false,
RNA-seq/RNAseq_biopsies/ets2_genesetsENSG_MASTER.csv,ETS2g1_DN,872,ENSG00000169429,false,
RNA-seq/RNAseq_biopsies/ets2_genesetsENSG_MASTER.csv,ETS2g1_DN,873,ENSG00000151470,false,
RNA-seq/RNAseq_biopsies/ets2_genesetsENSG_MASTER.csv,ETS2g1_DN,874,ENSG00000167600,false,
RNA-seq/RNAseq_biopsies/ets2_genesetsENSG_MASTER.csv,ETS2g1_DN,875,ENSG00000169826,false,
RNA-seq/RNAseq_biopsies/ets2_genesetsENSG_MASTER.csv,ETS2g1_DN,876,ENSG00000131871,false,
RNA-seq/RNAseq_biopsies/ets2_genesetsENSG_MASTER.csv,ETS2g1_DN,877,ENSG00000032444,false,
RNA-seq/RNAseq_biopsies/ets2_genesetsENSG_MASTER.csv,ETS2g1_DN,878,ENSG00000277969,false,
RNA-seq/RNAseq_biopsies/ets2_genesetsENSG_MASTER.csv,ETS2g1_DN,879,ENSG00000124641,false,
RNA-seq/RNAseq_biopsies/ets2_genesetsENSG_MASTER.csv,ETS2g1_DN,880,ENSG00000010671,false,
RNA-seq/RNAseq_biopsies/ets2_genesetsENSG_MASTER.csv,ETS2g1_DN,881,ENSG00000100802,false,
RNA-seq/RNAseq_biopsies/ets2_genesetsENSG_MASTER.csv,ETS2g1_DN,882,ENSG00000151136,false,
RNA-seq/RNAseq_biopsies/ets2_genesetsENSG_MASTER.csv,ETS2g1_DN,883,ENSG00000022567,false,
RNA-seq/RNAseq_biopsies/ets2_genesetsENSG_MASTER.csv,ETS2g1_DN,884,ENSG00000162777,false,
RNA-seq/RNAseq_biopsies/ets2_genesetsENSG_MASTER.csv,ETS2g1_DN,885,ENSG00000166224,false,
RNA-seq/RNAseq_biopsies/ets2_genesetsENSG_MASTER.csv,ETS2g1_DN,886,ENSG00000142065,false,
RNA-seq/RNAseq_biopsies/ets2_genesetsENSG_MASTER.csv,ETS2g1_DN,887,ENSG00000158792,false,
RNA-seq/RNAseq_biopsies/ets2_genesetsENSG_MASTER.csv,ETS2g1_DN,888,ENSG00000273820,false,
RNA-seq/RNAseq_biopsies/ets2_genesetsENSG_MASTER.csv,ETS2g1_DN,889,ENSG00000127603,false,
RNA-seq/RNAseq_biopsies/ets2_genesetsENSG_MASTER.csv,ETS2g1_DN,890,ENSG00000095970,false,
RNA-seq/RNAseq_biopsies/ets2_genesetsENSG_MASTER.csv,ETS2g1_DN,891,ENSG00000152818,false,
RNA-seq/RNAseq_biopsies/ets2_genesetsENSG_MASTER.csv,ETS2g1_DN,892,ENSG00000145936,false,
RNA-seq/RNAseq_biopsies/ets2_genesetsENSG_MASTER.csv,ETS2g1_DN,893,ENSG00000158161,false,
RNA-seq/RNAseq_biopsies/ets2_genesetsENSG_MASTER.csv,ETS2g1_DN,894,ENSG00000221995,false,
RNA-seq/RNAseq_biopsies/ets2_genesetsENSG_MASTER.csv,ETS2g1_DN,895,ENSG00000035862,false,
RNA-seq/RNAseq_biopsies/ets2_genesetsENSG_MASTER.csv,ETS2g1_DN,896,ENSG00000112576,false,
RNA-seq/RNAseq_biopsies/ets2_genesetsENSG_MASTER.csv,ETS2g1_DN,897,ENSG00000027697,false,
RNA-seq/RNAseq_biopsies/ets2_genesetsENSG_MASTER.csv,ETS2g1_DN,898,ENSG00000204257,false,
RNA-seq/RNAseq_biopsies/ets2_genesetsENSG_MASTER.csv,ETS2g1_DN,899,ENSG00000162302,false,
RNA-seq/RNAseq_biopsies/ets2_genesetsENSG_MASTER.csv,ETS2g1_DN,900,ENSG00000155254,false,
RNA-seq/RNAseq_biopsies/ets2_genesetsENSG_MASTER.csv,ETS2g1_DN,901,ENSG00000107554,false,
RNA-seq/RNAseq_biopsies/ets2_genesetsENSG_MASTER.csv,ETS2g1_DN,902,ENSG00000069998,false,
RNA-seq/RNAseq_biopsies/ets2_genesetsENSG_MASTER.csv,ETS2g1_DN,903,ENSG00000175727,false,
RNA-seq/RNAseq_biopsies/ets2_genesetsENSG_MASTER.csv,ETS2g1_DN,904,ENSG00000185862,false,
RNA-seq/RNAseq_biopsies/ets2_genesetsENSG_MASTER.csv,ETS2g1_DN,905,ENSG00000142347,false,
RNA-seq/RNAseq_biopsies/ets2_genesetsENSG_MASTER.csv,ETS2g1_DN,906,ENSG00000082397,false,
RNA-seq/RNAseq_biopsies/ets2_genesetsENSG_MASTER.csv,ETS2g1_DN,907,ENSG00000136816,false,
RNA-seq/RNAseq_biopsies/ets2_genesetsENSG_MASTER.csv,ETS2g1_DN,908,ENSG00000080189,false,
RNA-seq/RNAseq_biopsies/ets2_genesetsENSG_MASTER.csv,ETS2g1_DN,909,ENSG00000148459,false,
RNA-seq/RNAseq_biopsies/ets2_genesetsENSG_MASTER.csv,ETS2g1_DN,910,ENSG00000079263,false,
RNA-seq/RNAseq_biopsies/ets2_genesetsENSG_MASTER.csv,ETS2g1_DN,911,ENSG00000123146,false,
RNA-seq/RNAseq_biopsies/ets2_genesetsENSG_MASTER.csv,ETS2g1_DN,912,ENSG00000169228,false,
RNA-seq/RNAseq_biopsies/ets2_genesetsENSG_MASTER.csv,ETS2g1_DN,913,ENSG00000219481,false,
RNA-seq/RNAseq_biopsies/ets2_genesetsENSG_MASTER.csv,ETS2g1_DN,914,ENSG00000235636,false,
RNA-seq/RNAseq_biopsies/ets2_genesetsENSG_MASTER.csv,ETS2g1_DN,915,ENSG00000172243,false,
RNA-seq/RNAseq_biopsies/ets2_genesetsENSG_MASTER.csv,ETS2g1_DN,916,ENSG00000197852,false,
RNA-seq/RNAseq_biopsies/ets2_genesetsENSG_MASTER.csv,ETS2g1_DN,917,ENSG00000174004,false,
RNA-seq/RNAseq_biopsies/ets2_genesetsENSG_MASTER.csv,ETS2g1_DN,918,ENSG00000177674,false,
RNA-seq/RNAseq_biopsies/ets2_genesetsENSG_MASTER.csv,ETS2g1_DN,919,ENSG00000072110,false,
RNA-seq/RNAseq_biopsies/ets2_genesetsENSG_MASTER.csv,ETS2g1_DN,920,ENSG00000127951,false,
RNA-seq/RNAseq_biopsies/ets2_genesetsENSG_MASTER.csv,ETS2g1_DN,921,ENSG00000198563,false,
RNA-seq/RNAseq_biopsies/ets2_genesetsENSG_MASTER.csv,ETS2g1_DN,922,ENSG00000021762,false,
RNA-seq/RNAseq_biopsies/ets2_genesetsENSG_MASTER.csv,ETS2g1_DN,923,ENSG00000173221,false,
RNA-seq/RNAseq_biopsies/ets2_genesetsENSG_MASTER.csv,ETS2g1_DN,924,ENSG00000144791,false,
RNA-seq/RNAseq_biopsies/ets2_genesetsENSG_MASTER.csv,ETS2g1_DN,925,ENSG00000106701,false,
RNA-seq/RNAseq_biopsies/ets2_genesetsENSG_MASTER.csv,ETS2g1_DN,926,ENSG00000188559,false,
RNA-seq/RNAseq_biopsies/ets2_genesetsENSG_MASTER.csv,ETS2g1_DN,927,ENSG00000160229,false,
RNA-seq/RNAseq_biopsies/ets2_genesetsENSG_MASTER.csv,ETS2g1_DN,928,ENSG00000197629,false,
RNA-seq/RNAseq_biopsies/ets2_genesetsENSG_MASTER.csv,ETS2g1_DN,929,ENSG00000189144,false,
