dataset_key,dataset_id,modality,suspension_type,assay,author_cell_type,program_id,threshold,status,raw_summary_status,observed_donors,eligible_donors,score_eligible_donors,observed_groups,zero_denominator_groups,cell_gate_failed_groups,source_intended_genes,mapped_program_genes,mapping_fraction,donors_with_any_program_umi,median_genes_detected,minimum_genes_detected,maximum_genes_detected,median_program_mean_log2_cpm1,minimum_program_mean_log2_cpm1,maximum_program_mean_log2_cpm1,median_matched_background_log2_cpm1,median_program_score,minimum_program_score,maximum_program_score,positive_score_count,median_conditional_percentile,minimum_conditional_percentile,maximum_conditional_percentile
sc,02792605-4760-4023-82ad-40fc4458a5db,sc,cell,10x 5' v2,ActMac,apoptotic_signaling,20,evaluable_descriptive,evaluable_descriptive,8,4,4,8,0,4,588,573,0.9744897959183674,4,487.5,427.0,506.0,4.101738260810103,3.6887793621128333,4.228862549281657,4.0169989756819895,0.08631791943506562,-0.03420578145451891,0.1945499981529668,3,0.839,0.165,1.0
sc,02792605-4760-4023-82ad-40fc4458a5db,sc,cell,10x 5' v2,ActMac,apoptotic_signaling,50,evaluable_descriptive,evaluable_descriptive,8,3,3,8,0,5,588,573,0.9744897959183674,3,490.0,485.0,506.0,4.151426880470036,4.05204964115017,4.228862549281657,4.077121069046909,0.15174148023474832,-0.03420578145451891,0.1945499981529668,2,1.0,0.165,1.0
sc,02792605-4760-4023-82ad-40fc4458a5db,sc,cell,10x 5' v2,ActMac,chr21_dn,20,evaluable_descriptive,evaluable_descriptive,8,4,4,8,0,4,141,135,0.9574468085106383,4,131.0,124.0,133.0,5.4738787903509225,5.128176084662857,5.546689538168154,5.625720556799211,-0.16360712551029755,-0.2985529296999738,-0.030528706141728534,0,0.051500000000000004,0.0,0.38
sc,02792605-4760-4023-82ad-40fc4458a5db,sc,cell,10x 5' v2,ActMac,chr21_dn,50,evaluable_descriptive,evaluable_descriptive,8,3,3,8,0,5,141,135,0.9574468085106383,3,132.0,130.0,133.0,5.539142208663702,5.408615372038143,5.546689538168154,5.674222869288538,-0.13508066062483604,-0.2985529296999738,-0.030528706141728534,0,0.067,0.0,0.38
sc,02792605-4760-4023-82ad-40fc4458a5db,sc,cell,10x 5' v2,ActMac,ets2_g1_dn,20,evaluable_descriptive,evaluable_descriptive,8,4,4,8,0,4,927,906,0.9773462783171522,4,878.5,780.0,888.0,4.6872245525788125,4.247598873345505,4.785078260153951,4.82647347548939,-0.15022016079181766,-0.18927783107373397,-0.10949795127977957,0,0.0,0.0,0.0
sc,02792605-4760-4023-82ad-40fc4458a5db,sc,cell,10x 5' v2,ActMac,ets2_g1_dn,50,evaluable_descriptive,evaluable_descriptive,8,3,3,8,0,5,927,906,0.9773462783171522,3,880.0,877.0,888.0,4.736263330769214,4.638185774388411,4.785078260153951,4.894576211433731,-0.12018496515663912,-0.1802553564269962,-0.10949795127977957,0,0.0,0.0,0.0
sc,02792605-4760-4023-82ad-40fc4458a5db,sc,cell,10x 5' v2,ActMac,ets2_g1_dn_without_comparators,20,evaluable_descriptive,evaluable_descriptive,8,4,4,8,0,4,927,741,0.7993527508090615,4,719.0,638.0,726.0,4.5652195980159025,4.151338119356594,4.667740583960498,4.69952440752333,-0.13409636037403017,-0.15629881268264878,-0.11231080633220536,0,0.0005,0.0,0.001
sc,02792605-4760-4023-82ad-40fc4458a5db,sc,cell,10x 5' v2,ActMac,ets2_g1_dn_without_comparators,50,evaluable_descriptive,evaluable_descriptive,8,3,3,8,0,5,927,741,0.7993527508090615,3,722.0,716.0,726.0,4.657542006594991,4.472897189436815,4.667740583960498,4.769852812927196,-0.1232170585109218,-0.15629881268264878,-0.11231080633220536,0,0.0,0.0,0.001
sc,02792605-4760-4023-82ad-40fc4458a5db,sc,cell,10x 5' v2,ActMac,ets2_g1_up,20,evaluable_descriptive,evaluable_descriptive,8,4,4,8,0,4,668,583,0.8727544910179641,4,547.5,483.0,557.0,4.946011072690138,4.483893816777159,5.107607819372716,4.54135228983644,0.3974309749943572,0.3131873817627753,0.5005533641661248,4,1.0,1.0,1.0
sc,02792605-4760-4023-82ad-40fc4458a5db,sc,cell,10x 5' v2,ActMac,ets2_g1_up,50,evaluable_descriptive,evaluable_descriptive,8,3,3,8,0,5,668,583,0.8727544910179641,3,548.0,547.0,557.0,4.991218831854571,4.900803313525705,5.107607819372716,4.607054455206591,0.425153189059416,0.3697087609292984,0.5005533641661248,3,1.0,1.0,1.0
sc,02792605-4760-4023-82ad-40fc4458a5db,sc,cell,10x 5' v2,ActMac,ets2_g2_dn,20,evaluable_descriptive,evaluable_descriptive,8,4,4,8,0,4,875,859,0.9817142857142858,4,837.0,743.0,846.0,4.687895315890929,4.2491951590121,4.775340388497966,4.794738744359471,-0.11726625400280488,-0.1507493953587007,-0.08832730019610491,0,0.0005,0.0,0.001
sc,02792605-4760-4023-82ad-40fc4458a5db,sc,cell,10x 5' v2,ActMac,ets2_g2_dn,50,evaluable_descriptive,evaluable_descriptive,8,3,3,8,0,5,875,859,0.9817142857142858,3,839.0,835.0,846.0,4.771992547574004,4.6037980842078525,4.775340388497966,4.863667688694071,-0.11252079218859201,-0.12201171581701775,-0.08832730019610491,0,0.001,0.0,0.001
sc,02792605-4760-4023-82ad-40fc4458a5db,sc,cell,10x 5' v2,ActMac,inflammation,20,evaluable_descriptive,evaluable_descriptive,8,4,4,8,0,4,815,751,0.9214723926380368,4,574.5,449.0,605.0,3.3523466669257074,2.9691683247721388,3.4859010295935655,3.3621916378715797,0.005173454854245918,-0.15980502051392698,0.14011507862218275,2,0.535,0.0,1.0
sc,02792605-4760-4023-82ad-40fc4458a5db,sc,cell,10x 5' v2,ActMac,inflammation,50,evaluable_descriptive,evaluable_descriptive,8,3,3,8,0,5,815,751,0.9214723926380368,3,588.0,561.0,605.0,3.4434974332768435,3.261195900574571,3.4859010295935655,3.421000921088498,0.06294706509687087,-0.15980502051392698,0.14011507862218275,2,0.978,0.0,1.0
sc,02792605-4760-4023-82ad-40fc4458a5db,sc,cell,10x 5' v2,ActMac,interferon_gamma,20,evaluable_descriptive,evaluable_descriptive,8,4,4,8,0,4,139,137,0.9856115107913669,4,114.0,101.0,117.0,4.380633346230347,4.0299906022821,4.646520730048547,4.2412422038176745,0.22565546413821713,-0.15044795675054434,0.4199049315383041,3,0.9159999999999999,0.027,1.0
sc,02792605-4760-4023-82ad-40fc4458a5db,sc,cell,10x 5' v2,ActMac,interferon_gamma,50,evaluable_descriptive,evaluable_descriptive,8,3,3,8,0,5,139,137,0.9856115107913669,3,116.0,112.0,117.0,4.609087354915337,4.152179337545356,4.646520730048547,4.293301984258316,0.3532187457902305,-0.15044795675054434,0.4199049315383041,2,1.0,0.027,1.0
sc,02792605-4760-4023-82ad-40fc4458a5db,sc,cell,10x 5' v2,ActMac,oxidative_stress,20,evaluable_descriptive,evaluable_descriptive,8,4,4,8,0,4,436,419,0.9610091743119266,4,351.5,298.0,360.0,3.9431796043460974,3.5362844466521435,4.047840894241193,3.938101679802908,-0.001050649328191433,-0.06993900628944205,0.06828655736183009,2,0.5385,0.034,0.942
sc,02792605-4760-4023-82ad-40fc4458a5db,sc,cell,10x 5' v2,ActMac,oxidative_stress,50,evaluable_descriptive,evaluable_descriptive,8,3,3,8,0,5,436,419,0.9610091743119266,3,357.0,346.0,360.0,3.9457733088264364,3.940585899865758,4.047840894241193,3.998716608141209,0.049124286099984094,-0.06993900628944205,0.06828655736183009,2,0.894,0.034,0.942
sc,02792605-4760-4023-82ad-40fc4458a5db,sc,cell,10x 5' v2,Kupffer,apoptotic_signaling,20,evaluable_descriptive,evaluable_descriptive,8,8,8,8,0,0,588,573,0.9744897959183674,8,470.5,412.0,522.0,3.830270069093006,3.6124262869464316,4.205136542513778,3.799342747074775,0.030927322018230896,-0.07198726113513576,0.27059537180287885,5,0.746,0.024,1.0
sc,02792605-4760-4023-82ad-40fc4458a5db,sc,cell,10x 5' v2,Kupffer,apoptotic_signaling,50,evaluable_descriptive,evaluable_descriptive,8,6,6,8,0,2,588,573,0.9744897959183674,6,487.5,429.0,522.0,3.9602918912580503,3.6124262869464316,4.205136542513778,3.852481487671539,0.09496606168607458,-0.07198726113513576,0.27059537180287885,4,0.9495,0.024,1.0
sc,02792605-4760-4023-82ad-40fc4458a5db,sc,cell,10x 5' v2,Kupffer,chr21_dn,20,evaluable_descriptive,evaluable_descriptive,8,8,8,8,0,0,141,135,0.9574468085106383,8,129.5,120.0,135.0,5.523405246492821,4.97211543804036,5.969216216159126,5.411744086820139,0.11166115967268153,-0.2623831443832021,0.5383813879905626,7,0.858,0.005,1.0
sc,02792605-4760-4023-82ad-40fc4458a5db,sc,cell,10x 5' v2,Kupffer,chr21_dn,50,evaluable_descriptive,evaluable_descriptive,8,6,6,8,0,2,141,135,0.9574468085106383,6,132.0,124.0,135.0,5.6140099040093565,4.97211543804036,5.969216216159126,5.403663438270175,0.11745321664285324,-0.2623831443832021,0.5383813879905626,5,0.7989999999999999,0.005,1.0
sc,02792605-4760-4023-82ad-40fc4458a5db,sc,cell,10x 5' v2,Kupffer,ets2_g1_dn,20,evaluable_descriptive,evaluable_descriptive,8,8,8,8,0,0,927,906,0.9773462783171522,8,855.5,789.0,896.0,4.60981152331197,4.225670837506965,5.013855086479561,4.581224500342258,0.04648370453362949,-0.15512937421563944,0.1854358429013203,5,0.8925000000000001,0.0,1.0
sc,02792605-4760-4023-82ad-40fc4458a5db,sc,cell,10x 5' v2,Kupffer,ets2_g1_dn,50,evaluable_descriptive,evaluable_descriptive,8,6,6,8,0,2,927,906,0.9773462783171522,6,873.0,797.0,896.0,4.706698877340411,4.225670837506965,5.013855086479561,4.624733799230345,0.02880160179598823,-0.15512937421563944,0.1854358429013203,3,0.644,0.0,1.0
sc,02792605-4760-4023-82ad-40fc4458a5db,sc,cell,10x 5' v2,Kupffer,ets2_g1_dn_without_comparators,20,evaluable_descriptive,evaluable_descriptive,8,8,8,8,0,0,927,741,0.7993527508090615,8,698.0,647.0,731.0,4.548156149998453,4.096072993810672,4.976823035239554,4.451281898225686,0.10848696976829952,-0.1496618629696167,0.15047544362342613,6,0.998,0.0,1.0
sc,02792605-4760-4023-82ad-40fc4458a5db,sc,cell,10x 5' v2,Kupffer,ets2_g1_dn_without_comparators,50,evaluable_descriptive,evaluable_descriptive,8,6,6,8,0,2,927,741,0.7993527508090615,6,714.5,650.0,731.0,4.577201910078755,4.096072993810672,4.976823035239554,4.500786213685494,0.0706709898223079,-0.1496618629696167,0.15047544362342613,4,0.9079999999999999,0.0,1.0
sc,02792605-4760-4023-82ad-40fc4458a5db,sc,cell,10x 5' v2,Kupffer,ets2_g1_up,20,evaluable_descriptive,evaluable_descriptive,8,8,8,8,0,0,668,583,0.8727544910179641,8,528.0,472.0,571.0,4.520177744998821,4.1925481382122465,4.837739190577421,4.306520590285456,0.2140758076150111,0.07754122784863249,0.2702428663437786,8,1.0,0.964,1.0
sc,02792605-4760-4023-82ad-40fc4458a5db,sc,cell,10x 5' v2,Kupffer,ets2_g1_up,50,evaluable_descriptive,evaluable_descriptive,8,6,6,8,0,2,668,583,0.8727544910179641,6,548.5,472.0,571.0,4.590186903514724,4.1925481382122465,4.837739190577421,4.355649599183366,0.19925039522058308,0.07754122784863249,0.2702428663437786,6,1.0,0.964,1.0
sc,02792605-4760-4023-82ad-40fc4458a5db,sc,cell,10x 5' v2,Kupffer,ets2_g2_dn,20,evaluable_descriptive,evaluable_descriptive,8,8,8,8,0,0,875,859,0.9817142857142858,8,819.0,750.0,851.0,4.646474793895487,4.16595333934955,5.008997407766472,4.547442624373959,0.07376498417537602,-0.18046483871758845,0.15914598146013947,6,0.9450000000000001,0.0,1.0
sc,02792605-4760-4023-82ad-40fc4458a5db,sc,cell,10x 5' v2,Kupffer,ets2_g2_dn,50,evaluable_descriptive,evaluable_descriptive,8,6,6,8,0,2,875,859,0.9817142857142858,6,831.0,751.0,851.0,4.691947719689951,4.16595333934955,5.008997407766472,4.593132149839613,0.06869010349291305,-0.18046483871758845,0.1587127821177594,4,0.9410000000000001,0.0,1.0
sc,02792605-4760-4023-82ad-40fc4458a5db,sc,cell,10x 5' v2,Kupffer,inflammation,20,evaluable_descriptive,evaluable_descriptive,8,8,8,8,0,0,815,751,0.9214723926380368,8,541.5,442.0,657.0,3.249876286471162,2.815590281748474,3.6496004714443027,3.155832687335246,0.0543159836516367,-0.17324544658847163,0.3974984245148243,5,0.7825,0.0,1.0
sc,02792605-4760-4023-82ad-40fc4458a5db,sc,cell,10x 5' v2,Kupffer,inflammation,50,evaluable_descriptive,evaluable_descriptive,8,6,6,8,0,2,815,751,0.9214723926380368,6,575.0,443.0,657.0,3.3251934730286568,2.815590281748474,3.6496004714443027,3.2260788221047045,0.10421787490745271,-0.17324544658847163,0.3974984245148243,4,0.998,0.0,1.0
sc,02792605-4760-4023-82ad-40fc4458a5db,sc,cell,10x 5' v2,Kupffer,interferon_gamma,20,evaluable_descriptive,evaluable_descriptive,8,8,8,8,0,0,139,137,0.9856115107913669,8,111.0,88.0,130.0,4.217535064882735,3.8846605878750657,4.716866114085993,4.027510153102018,0.25813610851075297,-0.10340120029212674,0.5670541008658354,6,0.99,0.101,1.0
sc,02792605-4760-4023-82ad-40fc4458a5db,sc,cell,10x 5' v2,Kupffer,interferon_gamma,50,evaluable_descriptive,evaluable_descriptive,8,6,6,8,0,2,139,137,0.9856115107913669,6,114.0,88.0,130.0,4.217535064882735,3.8846605878750657,4.716866114085993,4.072373892630676,0.25813610851075297,-0.10340120029212674,0.5670541008658354,5,0.99,0.101,1.0
sc,02792605-4760-4023-82ad-40fc4458a5db,sc,cell,10x 5' v2,Kupffer,oxidative_stress,20,evaluable_descriptive,evaluable_descriptive,8,8,8,8,0,0,436,419,0.9610091743119266,8,345.5,302.0,384.0,3.8758783562771217,3.469586567412297,4.1274734030320595,3.7210498086382824,0.08938542103705283,-0.07748050232120551,0.3249147995551116,6,0.8945000000000001,0.068,1.0
sc,02792605-4760-4023-82ad-40fc4458a5db,sc,cell,10x 5' v2,Kupffer,oxidative_stress,50,evaluable_descriptive,evaluable_descriptive,8,6,6,8,0,2,436,419,0.9610091743119266,6,357.0,306.0,384.0,3.9677067413299905,3.469586567412297,4.1274734030320595,3.77724071341893,0.144240529612925,-0.07748050232120551,0.3249147995551116,4,0.999,0.068,1.0
sc,02792605-4760-4023-82ad-40fc4458a5db,sc,cell,10x 5' v2,LAM-like,apoptotic_signaling,20,evaluable_descriptive,evaluable_descriptive,8,7,7,8,0,1,588,573,0.9744897959183674,7,461.0,409.0,508.0,3.957518357059126,3.6790316379826837,4.272878435258793,3.8630144361717678,0.004912438775594552,-0.04311199712882585,0.18752363809789951,4,0.542,0.177,1.0
sc,02792605-4760-4023-82ad-40fc4458a5db,sc,cell,10x 5' v2,LAM-like,apoptotic_signaling,50,evaluable_descriptive,evaluable_descriptive,8,6,6,8,0,2,588,573,0.9744897959183674,6,478.5,437.0,508.0,4.031429902825001,3.7456218534165755,4.272878435258793,3.9211575498409954,0.04970817983147646,-0.01687380083753487,0.18752363809789951,4,0.7675000000000001,0.31,1.0
sc,02792605-4760-4023-82ad-40fc4458a5db,sc,cell,10x 5' v2,LAM-like,chr21_dn,20,evaluable_descriptive,evaluable_descriptive,8,7,7,8,0,1,141,135,0.9574468085106383,7,130.0,122.0,135.0,5.598931016074751,5.327604308214867,6.032450749322857,5.541304570685018,0.05762644538973305,-0.08749177170076372,0.4037275193357228,4,0.733,0.187,1.0
sc,02792605-4760-4023-82ad-40fc4458a5db,sc,cell,10x 5' v2,LAM-like,chr21_dn,50,evaluable_descriptive,evaluable_descriptive,8,6,6,8,0,2,141,135,0.9574468085106383,6,131.5,128.0,135.0,5.716610736913299,5.3448362579499635,6.032450749322857,5.585013900336076,0.07551485814673908,-0.08749177170076372,0.4037275193357228,4,0.8,0.187,1.0
sc,02792605-4760-4023-82ad-40fc4458a5db,sc,cell,10x 5' v2,LAM-like,ets2_g1_dn,20,evaluable_descriptive,evaluable_descriptive,8,7,7,8,0,1,927,906,0.9773462783171522,7,862.0,791.0,897.0,4.730556302910231,4.460041855406291,5.045512423403546,4.664914621535071,0.021115541611187005,-0.093646775868371,0.08444573601987582,4,0.812,0.0,1.0
sc,02792605-4760-4023-82ad-40fc4458a5db,sc,cell,10x 5' v2,LAM-like,ets2_g1_dn,50,evaluable_descriptive,evaluable_descriptive,8,6,6,8,0,2,927,906,0.9773462783171522,6,876.5,836.0,897.0,4.802494571635185,4.460041855406291,5.045512423403546,4.727450862937666,0.04337861149317357,-0.093646775868371,0.08444573601987582,4,0.897,0.0,1.0
sc,02792605-4760-4023-82ad-40fc4458a5db,sc,cell,10x 5' v2,LAM-like,ets2_g1_dn_without_comparators,20,evaluable_descriptive,evaluable_descriptive,8,7,7,8,0,1,927,741,0.7993527508090615,7,705.0,646.0,734.0,4.535251574054929,4.37130903826363,4.921505497796278,4.524722702241428,0.010528871813500373,-0.05269946558865257,0.07871461068434016,5,0.623,0.068,0.999
sc,02792605-4760-4023-82ad-40fc4458a5db,sc,cell,10x 5' v2,LAM-like,ets2_g1_dn_without_comparators,50,evaluable_descriptive,evaluable_descriptive,8,6,6,8,0,2,927,741,0.7993527508090615,6,715.5,680.0,734.0,4.606377095244181,4.385569890148442,4.921505497796278,4.591225872156187,0.015151223087992882,-0.05269946558865257,0.07871461068434016,4,0.687,0.068,0.999
sc,02792605-4760-4023-82ad-40fc4458a5db,sc,cell,10x 5' v2,LAM-like,ets2_g1_up,20,evaluable_descriptive,evaluable_descriptive,8,7,7,8,0,1,668,583,0.8727544910179641,7,529.0,464.0,562.0,4.578580981469851,4.412261274442424,5.040433088668177,4.384831558036327,0.23865415693482728,0.1816114310393342,0.3666529465422883,7,1.0,0.999,1.0
sc,02792605-4760-4023-82ad-40fc4458a5db,sc,cell,10x 5' v2,LAM-like,ets2_g1_up,50,evaluable_descriptive,evaluable_descriptive,8,6,6,8,0,2,668,583,0.8727544910179641,6,544.0,494.0,562.0,4.671018062210721,4.504699796487946,5.040433088668177,4.44465290820791,0.24644483703105546,0.1937494234335242,0.3666529465422883,6,1.0,1.0,1.0
sc,02792605-4760-4023-82ad-40fc4458a5db,sc,cell,10x 5' v2,LAM-like,ets2_g2_dn,20,evaluable_descriptive,evaluable_descriptive,8,7,7,8,0,1,875,859,0.9817142857142858,7,820.0,736.0,852.0,4.625850304161249,4.381853841413374,5.057655562060524,4.628165896219886,-0.0023155920586370726,-0.08854908983353216,0.12095730157753781,3,0.481,0.013,1.0
sc,02792605-4760-4023-82ad-40fc4458a5db,sc,cell,10x 5' v2,LAM-like,ets2_g2_dn,50,evaluable_descriptive,evaluable_descriptive,8,6,6,8,0,2,875,859,0.9817142857142858,6,832.0,789.0,852.0,4.710314352091697,4.484593083094138,5.057655562060524,4.691490111485637,0.01882424060605903,-0.03835772402824844,0.12095730157753781,3,0.7055,0.111,1.0
sc,02792605-4760-4023-82ad-40fc4458a5db,sc,cell,10x 5' v2,LAM-like,inflammation,20,evaluable_descriptive,evaluable_descriptive,8,7,7,8,0,1,815,751,0.9214723926380368,7,529.0,420.0,610.0,3.33758456323428,2.9510554097555612,3.615093923801788,3.1985471365363627,0.04880920880293216,-0.10457346887952124,0.29929527241986653,4,0.948,0.004,1.0
sc,02792605-4760-4023-82ad-40fc4458a5db,sc,cell,10x 5' v2,LAM-like,inflammation,50,evaluable_descriptive,evaluable_descriptive,8,6,6,8,0,2,815,751,0.9214723926380368,6,569.5,481.0,610.0,3.370990434811562,3.064206517022587,3.615093923801788,3.257172893959142,0.08571552862730059,-0.055666825532427744,0.29929527241986653,4,0.974,0.047,1.0
sc,02792605-4760-4023-82ad-40fc4458a5db,sc,cell,10x 5' v2,LAM-like,interferon_gamma,20,evaluable_descriptive,evaluable_descriptive,8,7,7,8,0,1,139,137,0.9856115107913669,7,111.0,90.0,122.0,4.247661204468208,3.8873352667209295,4.673131347152272,4.115523619363925,0.03688767735427145,-0.12613599177106716,0.41664363440432073,4,0.656,0.074,1.0
sc,02792605-4760-4023-82ad-40fc4458a5db,sc,cell,10x 5' v2,LAM-like,interferon_gamma,50,evaluable_descriptive,evaluable_descriptive,8,6,6,8,0,2,139,137,0.9856115107913669,6,116.0,103.0,122.0,4.336644583728371,3.8873352667209295,4.673131347152272,4.166443765945832,0.14274649004988182,-0.12613599177106716,0.41664363440432073,3,0.7015,0.074,1.0
sc,02792605-4760-4023-82ad-40fc4458a5db,sc,cell,10x 5' v2,LAM-like,oxidative_stress,20,evaluable_descriptive,evaluable_descriptive,8,7,7,8,0,1,436,419,0.9610091743119266,7,337.0,295.0,370.0,3.943870119898774,3.53035191077786,4.221984951113032,3.781736348311394,0.09358896249853776,-0.10847910101685221,0.18221934049600463,6,0.975,0.021,1.0
sc,02792605-4760-4023-82ad-40fc4458a5db,sc,cell,10x 5' v2,LAM-like,oxidative_stress,50,evaluable_descriptive,evaluable_descriptive,8,6,6,8,0,2,436,419,0.9610091743119266,6,349.0,320.0,370.0,3.998132459427243,3.722734220768389,4.221984951113032,3.8400755472718187,0.12786136704295892,0.020583788592986707,0.18221934049600463,6,0.9875,0.735,1.0
sc,02792605-4760-4023-82ad-40fc4458a5db,sc,cell,10x 5' v2,Monocyte,apoptotic_signaling,20,evaluable_descriptive,evaluable_descriptive,8,8,8,8,0,0,588,573,0.9744897959183674,8,463.5,380.0,527.0,3.944232408420704,3.7169709447814343,4.306697575791142,3.847139102487761,0.08493075594647737,-0.08343490779943519,0.18750460932927826,6,0.983,0.017,1.0
sc,02792605-4760-4023-82ad-40fc4458a5db,sc,cell,10x 5' v2,Monocyte,apoptotic_signaling,50,evaluable_descriptive,evaluable_descriptive,8,7,7,8,0,1,588,573,0.9744897959183674,7,473.0,435.0,527.0,4.032457931901373,3.7169709447814343,4.306697575791142,3.8938723523946517,0.09078059494813306,-0.08343490779943519,0.18750460932927826,5,0.986,0.017,1.0
sc,02792605-4760-4023-82ad-40fc4458a5db,sc,cell,10x 5' v2,Monocyte,chr21_dn,20,evaluable_descriptive,evaluable_descriptive,8,8,8,8,0,0,141,135,0.9574468085106383,8,132.0,116.0,135.0,5.635233835759175,5.25308897431986,5.969379902541091,5.503744392434845,0.12255484841379394,-0.19318452082457505,0.25640388451341867,5,0.906,0.025,0.995
sc,02792605-4760-4023-82ad-40fc4458a5db,sc,cell,10x 5' v2,Monocyte,chr21_dn,50,evaluable_descriptive,evaluable_descriptive,8,7,7,8,0,1,141,135,0.9574468085106383,7,133.0,127.0,135.0,5.7104997677768825,5.25308897431986,5.969379902541091,5.552263348837677,0.15224016114504035,-0.19318452082457505,0.25640388451341867,5,0.932,0.025,0.995
sc,02792605-4760-4023-82ad-40fc4458a5db,sc,cell,10x 5' v2,Monocyte,ets2_g1_dn,20,evaluable_descriptive,evaluable_descriptive,8,8,8,8,0,0,927,906,0.9773462783171522,8,869.0,718.0,902.0,4.70981009155642,4.4336433654462635,5.086101515864374,4.639944505393406,0.07653756402198786,-0.03422152989292915,0.13482401889893314,7,0.9944999999999999,0.193,1.0
sc,02792605-4760-4023-82ad-40fc4458a5db,sc,cell,10x 5' v2,Monocyte,ets2_g1_dn,50,evaluable_descriptive,evaluable_descriptive,8,7,7,8,0,1,927,906,0.9773462783171522,7,875.0,829.0,902.0,4.796039055255688,4.5634906897447545,5.086101515864374,4.692233212913841,0.08290755115389814,0.035925329984181076,0.13482401889893314,7,1.0,0.854,1.0
sc,02792605-4760-4023-82ad-40fc4458a5db,sc,cell,10x 5' v2,Monocyte,ets2_g1_dn_without_comparators,20,evaluable_descriptive,evaluable_descriptive,8,8,8,8,0,0,927,741,0.7993527508090615,8,709.5,574.0,737.0,4.538022545395632,4.261555582246659,4.93617583231495,4.505442202239618,0.03762111431115711,-0.0516427028837434,0.108617013091024,7,0.8445,0.135,1.0
sc,02792605-4760-4023-82ad-40fc4458a5db,sc,cell,10x 5' v2,Monocyte,ets2_g1_dn_without_comparators,50,evaluable_descriptive,evaluable_descriptive,8,7,7,8,0,1,927,741,0.7993527508090615,7,713.0,673.0,737.0,4.586049932415766,4.427625769021067,4.93617583231495,4.55673001745247,0.039401457273581464,0.029319914963296334,0.108617013091024,7,0.853,0.806,1.0
sc,02792605-4760-4023-82ad-40fc4458a5db,sc,cell,10x 5' v2,Monocyte,ets2_g1_up,20,evaluable_descriptive,evaluable_descriptive,8,8,8,8,0,0,668,583,0.8727544910179641,8,532.5,438.0,573.0,4.538614130228115,4.3778848436139,5.004596074333683,4.364117680449046,0.17363116195462291,0.06527398474786583,0.3464009626707689,8,1.0,0.943,1.0
sc,02792605-4760-4023-82ad-40fc4458a5db,sc,cell,10x 5' v2,Monocyte,ets2_g1_up,50,evaluable_descriptive,evaluable_descriptive,8,7,7,8,0,1,668,583,0.8727544910179641,7,536.0,493.0,573.0,4.543059421920171,4.3778848436139,5.004596074333683,4.415624502032057,0.1694898072534654,0.06527398474786583,0.3464009626707689,7,1.0,0.943,1.0
sc,02792605-4760-4023-82ad-40fc4458a5db,sc,cell,10x 5' v2,Monocyte,ets2_g2_dn,20,evaluable_descriptive,evaluable_descriptive,8,8,8,8,0,0,875,859,0.9817142857142858,8,821.0,666.0,856.0,4.589222653213339,4.340979475827123,4.99868287220038,4.606454946905197,-0.0008196411850791563,-0.08555645522695521,0.07937964861044655,4,0.47600000000000003,0.022,0.999
sc,02792605-4760-4023-82ad-40fc4458a5db,sc,cell,10x 5' v2,Monocyte,ets2_g2_dn,50,evaluable_descriptive,evaluable_descriptive,8,7,7,8,0,1,875,859,0.9817142857142858,7,829.0,780.0,856.0,4.6421004129987935,4.494477899218552,4.99868287220038,4.658360102312469,0.005458305790327245,-0.06007189227937282,0.07937964861044655,4,0.553,0.034,0.999
sc,02792605-4760-4023-82ad-40fc4458a5db,sc,cell,10x 5' v2,Monocyte,inflammation,20,evaluable_descriptive,evaluable_descriptive,8,8,8,8,0,0,815,751,0.9214723926380368,8,529.5,399.0,662.0,3.3594657589395482,3.0113124536633302,3.6317636617662217,3.1842538687843627,0.11927305471722871,-0.09556275937981829,0.25055261236663506,6,0.979,0.006,1.0
sc,02792605-4760-4023-82ad-40fc4458a5db,sc,cell,10x 5' v2,Monocyte,inflammation,50,evaluable_descriptive,evaluable_descriptive,8,7,7,8,0,1,815,751,0.9214723926380368,7,554.0,484.0,662.0,3.4043337488088667,3.0477139307001004,3.6317636617662217,3.225231047488806,0.18182113756939655,-0.09556275937981829,0.25055261236663506,5,1.0,0.006,1.0
sc,02792605-4760-4023-82ad-40fc4458a5db,sc,cell,10x 5' v2,Monocyte,interferon_gamma,20,evaluable_descriptive,evaluable_descriptive,8,8,8,8,0,0,139,137,0.9856115107913669,8,105.5,87.0,127.0,4.23767891543568,3.771681235519317,4.751340870818604,4.09372533112225,0.14559529634999535,-0.2547944280994372,0.41143334643841456,5,0.9485,0.001,1.0
sc,02792605-4760-4023-82ad-40fc4458a5db,sc,cell,10x 5' v2,Monocyte,interferon_gamma,50,evaluable_descriptive,evaluable_descriptive,8,7,7,8,0,1,139,137,0.9856115107913669,7,110.0,92.0,127.0,4.221519483683547,3.771681235519317,4.751340870818604,4.141289904912777,0.11254844227503558,-0.2547944280994372,0.41143334643841456,4,0.922,0.001,1.0
sc,02792605-4760-4023-82ad-40fc4458a5db,sc,cell,10x 5' v2,Monocyte,oxidative_stress,20,evaluable_descriptive,evaluable_descriptive,8,8,8,8,0,0,436,419,0.9610091743119266,8,338.0,280.0,383.0,3.851119971319476,3.629454194625865,4.134275018551372,3.7679517129920495,0.0698522514855926,-0.0910599049058538,0.21008255229219053,6,0.8995,0.025,1.0
sc,02792605-4760-4023-82ad-40fc4458a5db,sc,cell,10x 5' v2,Monocyte,oxidative_stress,50,evaluable_descriptive,evaluable_descriptive,8,7,7,8,0,1,436,419,0.9610091743119266,7,350.0,321.0,383.0,3.9420222985810063,3.629454194625865,4.134275018551372,3.8153893264523804,0.07746754293858826,-0.0910599049058538,0.21008255229219053,5,0.938,0.025,1.0
sn,1873a18a-66fd-4a4d-8277-a872c93f5b59,sn,nucleus,10x 3' v3,ActMac,apoptotic_signaling,20,no_observed_context,no_eligible_donors,0,0,0,0,0,0,588,573,0.9744897959183674,0,,,,,,,,,,,0,,,
sn,1873a18a-66fd-4a4d-8277-a872c93f5b59,sn,nucleus,10x 3' v3,ActMac,apoptotic_signaling,50,no_observed_context,no_eligible_donors,0,0,0,0,0,0,588,573,0.9744897959183674,0,,,,,,,,,,,0,,,
sn,1873a18a-66fd-4a4d-8277-a872c93f5b59,sn,nucleus,10x 3' v3,ActMac,chr21_dn,20,no_observed_context,no_eligible_donors,0,0,0,0,0,0,141,135,0.9574468085106383,0,,,,,,,,,,,0,,,
sn,1873a18a-66fd-4a4d-8277-a872c93f5b59,sn,nucleus,10x 3' v3,ActMac,chr21_dn,50,no_observed_context,no_eligible_donors,0,0,0,0,0,0,141,135,0.9574468085106383,0,,,,,,,,,,,0,,,
sn,1873a18a-66fd-4a4d-8277-a872c93f5b59,sn,nucleus,10x 3' v3,ActMac,ets2_g1_dn,20,no_observed_context,no_eligible_donors,0,0,0,0,0,0,927,906,0.9773462783171522,0,,,,,,,,,,,0,,,
sn,1873a18a-66fd-4a4d-8277-a872c93f5b59,sn,nucleus,10x 3' v3,ActMac,ets2_g1_dn,50,no_observed_context,no_eligible_donors,0,0,0,0,0,0,927,906,0.9773462783171522,0,,,,,,,,,,,0,,,
sn,1873a18a-66fd-4a4d-8277-a872c93f5b59,sn,nucleus,10x 3' v3,ActMac,ets2_g1_dn_without_comparators,20,no_observed_context,no_eligible_donors,0,0,0,0,0,0,927,741,0.7993527508090615,0,,,,,,,,,,,0,,,
sn,1873a18a-66fd-4a4d-8277-a872c93f5b59,sn,nucleus,10x 3' v3,ActMac,ets2_g1_dn_without_comparators,50,no_observed_context,no_eligible_donors,0,0,0,0,0,0,927,741,0.7993527508090615,0,,,,,,,,,,,0,,,
sn,1873a18a-66fd-4a4d-8277-a872c93f5b59,sn,nucleus,10x 3' v3,ActMac,ets2_g1_up,20,no_observed_context,no_eligible_donors,0,0,0,0,0,0,668,583,0.8727544910179641,0,,,,,,,,,,,0,,,
sn,1873a18a-66fd-4a4d-8277-a872c93f5b59,sn,nucleus,10x 3' v3,ActMac,ets2_g1_up,50,no_observed_context,no_eligible_donors,0,0,0,0,0,0,668,583,0.8727544910179641,0,,,,,,,,,,,0,,,
sn,1873a18a-66fd-4a4d-8277-a872c93f5b59,sn,nucleus,10x 3' v3,ActMac,ets2_g2_dn,20,no_observed_context,no_eligible_donors,0,0,0,0,0,0,875,859,0.9817142857142858,0,,,,,,,,,,,0,,,
sn,1873a18a-66fd-4a4d-8277-a872c93f5b59,sn,nucleus,10x 3' v3,ActMac,ets2_g2_dn,50,no_observed_context,no_eligible_donors,0,0,0,0,0,0,875,859,0.9817142857142858,0,,,,,,,,,,,0,,,
sn,1873a18a-66fd-4a4d-8277-a872c93f5b59,sn,nucleus,10x 3' v3,ActMac,inflammation,20,no_observed_context,no_eligible_donors,0,0,0,0,0,0,815,751,0.9214723926380368,0,,,,,,,,,,,0,,,
sn,1873a18a-66fd-4a4d-8277-a872c93f5b59,sn,nucleus,10x 3' v3,ActMac,inflammation,50,no_observed_context,no_eligible_donors,0,0,0,0,0,0,815,751,0.9214723926380368,0,,,,,,,,,,,0,,,
sn,1873a18a-66fd-4a4d-8277-a872c93f5b59,sn,nucleus,10x 3' v3,ActMac,interferon_gamma,20,no_observed_context,no_eligible_donors,0,0,0,0,0,0,139,137,0.9856115107913669,0,,,,,,,,,,,0,,,
sn,1873a18a-66fd-4a4d-8277-a872c93f5b59,sn,nucleus,10x 3' v3,ActMac,interferon_gamma,50,no_observed_context,no_eligible_donors,0,0,0,0,0,0,139,137,0.9856115107913669,0,,,,,,,,,,,0,,,
sn,1873a18a-66fd-4a4d-8277-a872c93f5b59,sn,nucleus,10x 3' v3,ActMac,oxidative_stress,20,no_observed_context,no_eligible_donors,0,0,0,0,0,0,436,419,0.9610091743119266,0,,,,,,,,,,,0,,,
sn,1873a18a-66fd-4a4d-8277-a872c93f5b59,sn,nucleus,10x 3' v3,ActMac,oxidative_stress,50,no_observed_context,no_eligible_donors,0,0,0,0,0,0,436,419,0.9610091743119266,0,,,,,,,,,,,0,,,
sn,1873a18a-66fd-4a4d-8277-a872c93f5b59,sn,nucleus,10x 3' v3,Kupffer,apoptotic_signaling,20,evaluable_descriptive,evaluable_descriptive,7,6,6,7,0,1,588,573,0.9744897959183674,6,465.5,305.0,507.0,4.057916910006458,3.083381735112329,4.162710111730587,4.008474984306408,0.0023279194140939374,-0.2311266736903428,0.12549472223354208,3,0.495,0.001,1.0
sn,1873a18a-66fd-4a4d-8277-a872c93f5b59,sn,nucleus,10x 3' v3,Kupffer,apoptotic_signaling,50,evaluable_descriptive,evaluable_descriptive,7,5,5,7,0,2,588,573,0.9744897959183674,5,467.0,455.0,507.0,4.0867885716012955,3.8907174557681947,4.162710111730587,4.037215389497045,0.06418293892774063,-0.06449830462959616,0.12549472223354208,3,0.966,0.017,1.0
sn,1873a18a-66fd-4a4d-8277-a872c93f5b59,sn,nucleus,10x 3' v3,Kupffer,chr21_dn,20,evaluable_descriptive,evaluable_descriptive,7,6,6,7,0,1,141,135,0.9574468085106383,6,127.0,97.0,128.0,5.52557896874062,4.6347856485724135,5.8404878660991315,5.48195638464791,0.007524966138137135,-0.19491832429277078,0.3731531729778368,3,0.529,0.083,1.0
sn,1873a18a-66fd-4a4d-8277-a872c93f5b59,sn,nucleus,10x 3' v3,Kupffer,chr21_dn,50,evaluable_descriptive,evaluable_descriptive,7,5,5,7,0,2,141,135,0.9574468085106383,5,128.0,124.0,128.0,5.563423645650501,5.419141386834321,5.8404878660991315,5.496578076174525,0.022750627151745917,-0.07743668934020409,0.3731531729778368,3,0.608,0.158,1.0
sn,1873a18a-66fd-4a4d-8277-a872c93f5b59,sn,nucleus,10x 3' v3,Kupffer,ets2_g1_dn,20,evaluable_descriptive,evaluable_descriptive,7,6,6,7,0,1,927,906,0.9773462783171522,6,837.0,602.0,870.0,5.069148083779364,4.132465389002481,5.204284903019158,4.9945131284660915,0.02857396896453679,-0.14412977985533182,0.22546882797467127,4,0.843,0.008,1.0
sn,1873a18a-66fd-4a4d-8277-a872c93f5b59,sn,nucleus,10x 3' v3,Kupffer,ets2_g1_dn,50,evaluable_descriptive,evaluable_descriptive,7,5,5,7,0,2,927,906,0.9773462783171522,5,841.0,832.0,870.0,5.125701630574633,4.970319951034848,5.204284903019158,5.017424281121304,0.04312494906758335,-0.004829744137209602,0.22546882797467127,4,0.969,0.422,1.0
sn,1873a18a-66fd-4a4d-8277-a872c93f5b59,sn,nucleus,10x 3' v3,Kupffer,ets2_g1_dn_without_comparators,20,evaluable_descriptive,evaluable_descriptive,7,6,6,7,0,1,927,741,0.7993527508090615,6,688.5,495.0,712.0,5.129040284514975,4.187188931708606,5.232360913415874,5.044871856638247,0.05514206457290749,-0.142260898815044,0.21014968082882302,4,0.9610000000000001,0.007,1.0
sn,1873a18a-66fd-4a4d-8277-a872c93f5b59,sn,nucleus,10x 3' v3,Kupffer,ets2_g1_dn_without_comparators,50,evaluable_descriptive,evaluable_descriptive,7,5,5,7,0,2,927,741,0.7993527508090615,5,692.0,681.0,712.0,5.199148730070886,5.054327703659432,5.232360913415874,5.067532480689444,0.06620697459196112,-0.008600641730380332,0.21014968082882302,4,0.995,0.393,1.0
sn,1873a18a-66fd-4a4d-8277-a872c93f5b59,sn,nucleus,10x 3' v3,Kupffer,ets2_g1_up,20,evaluable_descriptive,evaluable_descriptive,7,6,6,7,0,1,668,583,0.8727544910179641,6,542.0,372.0,563.0,4.742089407085971,3.686602071612269,4.78609810330334,4.732041980905544,-0.0164424692998959,-0.2764215094256999,0.024108491832195433,2,0.3165,0.001,0.768
sn,1873a18a-66fd-4a4d-8277-a872c93f5b59,sn,nucleus,10x 3' v3,Kupffer,ets2_g1_up,50,evaluable_descriptive,evaluable_descriptive,7,5,5,7,0,2,668,583,0.8727544910179641,5,543.0,537.0,563.0,4.759160405793058,4.652649975763017,4.78609810330334,4.761989611471145,-0.007320517584875397,-0.059738669904664476,0.024108491832195433,2,0.402,0.018,0.768
sn,1873a18a-66fd-4a4d-8277-a872c93f5b59,sn,nucleus,10x 3' v3,Kupffer,ets2_g2_dn,20,evaluable_descriptive,evaluable_descriptive,7,6,6,7,0,1,875,859,0.9817142857142858,6,795.5,591.0,821.0,5.176437189821801,4.271141319702184,5.311370988138155,5.105950371152954,0.016973180879793937,-0.13127003367385193,0.20630048247369537,3,0.5855,0.008,1.0
sn,1873a18a-66fd-4a4d-8277-a872c93f5b59,sn,nucleus,10x 3' v3,Kupffer,ets2_g2_dn,50,evaluable_descriptive,evaluable_descriptive,7,5,5,7,0,2,875,859,0.9817142857142858,5,796.0,789.0,821.0,5.252720688164379,5.0219489018716015,5.311370988138155,5.1266415825457985,0.060434252826164325,-0.05030318656816757,0.20630048247369537,3,0.99,0.028,1.0
sn,1873a18a-66fd-4a4d-8277-a872c93f5b59,sn,nucleus,10x 3' v3,Kupffer,inflammation,20,evaluable_descriptive,evaluable_descriptive,7,6,6,7,0,1,815,751,0.9214723926380368,6,555.5,335.0,616.0,3.45238676624597,2.6713307953833603,3.5572857524832076,3.454556135000459,-0.049513743319499204,-0.13264428838748232,0.06436797323679233,3,0.3545,0.0,0.992
sn,1873a18a-66fd-4a4d-8277-a872c93f5b59,sn,nucleus,10x 3' v3,Kupffer,inflammation,50,evaluable_descriptive,evaluable_descriptive,7,5,5,7,0,2,815,751,0.9214723926380368,5,556.0,537.0,616.0,3.4859187734452486,3.2834446465691367,3.5572857524832076,3.487561469792462,0.015154160484959434,-0.11562418333158897,0.06436797323679233,3,0.7,0.0,0.992
sn,1873a18a-66fd-4a4d-8277-a872c93f5b59,sn,nucleus,10x 3' v3,Kupffer,interferon_gamma,20,evaluable_descriptive,evaluable_descriptive,7,6,6,7,0,1,139,137,0.9856115107913669,6,107.5,68.0,116.0,3.8303156512739833,2.9870528262489504,3.9608914700742144,3.7508858970673886,0.02545377716185815,-0.14670258574115191,0.23898837694665964,3,0.6265,0.12,1.0
sn,1873a18a-66fd-4a4d-8277-a872c93f5b59,sn,nucleus,10x 3' v3,Kupffer,interferon_gamma,50,evaluable_descriptive,evaluable_descriptive,7,5,5,7,0,2,139,137,0.9856115107913669,5,108.0,105.0,116.0,3.840302614514694,3.6828356987289546,3.9608914700742144,3.779868701007223,0.06043391350747118,-0.019569444947462156,0.23898837694665964,3,0.816,0.379,1.0
sn,1873a18a-66fd-4a4d-8277-a872c93f5b59,sn,nucleus,10x 3' v3,Kupffer,oxidative_stress,20,evaluable_descriptive,evaluable_descriptive,7,6,6,7,0,1,436,419,0.9610091743119266,6,359.0,233.0,383.0,4.208415436424352,3.299715007300663,4.297796153407188,4.154223741363903,-0.004472954565665432,-0.13496386192155496,0.11247233642313059,3,0.45799999999999996,0.051,0.999
sn,1873a18a-66fd-4a4d-8277-a872c93f5b59,sn,nucleus,10x 3' v3,Kupffer,oxidative_stress,50,evaluable_descriptive,evaluable_descriptive,7,5,5,7,0,2,436,419,0.9610091743119266,5,361.0,349.0,383.0,4.210717391527653,4.0738242946106284,4.297796153407188,4.185323816984058,0.01319971809348619,-0.027457924929090716,0.11247233642313059,3,0.633,0.198,0.999
sn,1873a18a-66fd-4a4d-8277-a872c93f5b59,sn,nucleus,10x 3' v3,LAM-like,apoptotic_signaling,20,no_observed_context,no_eligible_donors,0,0,0,0,0,0,588,573,0.9744897959183674,0,,,,,,,,,,,0,,,
sn,1873a18a-66fd-4a4d-8277-a872c93f5b59,sn,nucleus,10x 3' v3,LAM-like,apoptotic_signaling,50,no_observed_context,no_eligible_donors,0,0,0,0,0,0,588,573,0.9744897959183674,0,,,,,,,,,,,0,,,
sn,1873a18a-66fd-4a4d-8277-a872c93f5b59,sn,nucleus,10x 3' v3,LAM-like,chr21_dn,20,no_observed_context,no_eligible_donors,0,0,0,0,0,0,141,135,0.9574468085106383,0,,,,,,,,,,,0,,,
sn,1873a18a-66fd-4a4d-8277-a872c93f5b59,sn,nucleus,10x 3' v3,LAM-like,chr21_dn,50,no_observed_context,no_eligible_donors,0,0,0,0,0,0,141,135,0.9574468085106383,0,,,,,,,,,,,0,,,
sn,1873a18a-66fd-4a4d-8277-a872c93f5b59,sn,nucleus,10x 3' v3,LAM-like,ets2_g1_dn,20,no_observed_context,no_eligible_donors,0,0,0,0,0,0,927,906,0.9773462783171522,0,,,,,,,,,,,0,,,
sn,1873a18a-66fd-4a4d-8277-a872c93f5b59,sn,nucleus,10x 3' v3,LAM-like,ets2_g1_dn,50,no_observed_context,no_eligible_donors,0,0,0,0,0,0,927,906,0.9773462783171522,0,,,,,,,,,,,0,,,
sn,1873a18a-66fd-4a4d-8277-a872c93f5b59,sn,nucleus,10x 3' v3,LAM-like,ets2_g1_dn_without_comparators,20,no_observed_context,no_eligible_donors,0,0,0,0,0,0,927,741,0.7993527508090615,0,,,,,,,,,,,0,,,
sn,1873a18a-66fd-4a4d-8277-a872c93f5b59,sn,nucleus,10x 3' v3,LAM-like,ets2_g1_dn_without_comparators,50,no_observed_context,no_eligible_donors,0,0,0,0,0,0,927,741,0.7993527508090615,0,,,,,,,,,,,0,,,
sn,1873a18a-66fd-4a4d-8277-a872c93f5b59,sn,nucleus,10x 3' v3,LAM-like,ets2_g1_up,20,no_observed_context,no_eligible_donors,0,0,0,0,0,0,668,583,0.8727544910179641,0,,,,,,,,,,,0,,,
sn,1873a18a-66fd-4a4d-8277-a872c93f5b59,sn,nucleus,10x 3' v3,LAM-like,ets2_g1_up,50,no_observed_context,no_eligible_donors,0,0,0,0,0,0,668,583,0.8727544910179641,0,,,,,,,,,,,0,,,
sn,1873a18a-66fd-4a4d-8277-a872c93f5b59,sn,nucleus,10x 3' v3,LAM-like,ets2_g2_dn,20,no_observed_context,no_eligible_donors,0,0,0,0,0,0,875,859,0.9817142857142858,0,,,,,,,,,,,0,,,
sn,1873a18a-66fd-4a4d-8277-a872c93f5b59,sn,nucleus,10x 3' v3,LAM-like,ets2_g2_dn,50,no_observed_context,no_eligible_donors,0,0,0,0,0,0,875,859,0.9817142857142858,0,,,,,,,,,,,0,,,
sn,1873a18a-66fd-4a4d-8277-a872c93f5b59,sn,nucleus,10x 3' v3,LAM-like,inflammation,20,no_observed_context,no_eligible_donors,0,0,0,0,0,0,815,751,0.9214723926380368,0,,,,,,,,,,,0,,,
sn,1873a18a-66fd-4a4d-8277-a872c93f5b59,sn,nucleus,10x 3' v3,LAM-like,inflammation,50,no_observed_context,no_eligible_donors,0,0,0,0,0,0,815,751,0.9214723926380368,0,,,,,,,,,,,0,,,
sn,1873a18a-66fd-4a4d-8277-a872c93f5b59,sn,nucleus,10x 3' v3,LAM-like,interferon_gamma,20,no_observed_context,no_eligible_donors,0,0,0,0,0,0,139,137,0.9856115107913669,0,,,,,,,,,,,0,,,
sn,1873a18a-66fd-4a4d-8277-a872c93f5b59,sn,nucleus,10x 3' v3,LAM-like,interferon_gamma,50,no_observed_context,no_eligible_donors,0,0,0,0,0,0,139,137,0.9856115107913669,0,,,,,,,,,,,0,,,
sn,1873a18a-66fd-4a4d-8277-a872c93f5b59,sn,nucleus,10x 3' v3,LAM-like,oxidative_stress,20,no_observed_context,no_eligible_donors,0,0,0,0,0,0,436,419,0.9610091743119266,0,,,,,,,,,,,0,,,
sn,1873a18a-66fd-4a4d-8277-a872c93f5b59,sn,nucleus,10x 3' v3,LAM-like,oxidative_stress,50,no_observed_context,no_eligible_donors,0,0,0,0,0,0,436,419,0.9610091743119266,0,,,,,,,,,,,0,,,
sn,1873a18a-66fd-4a4d-8277-a872c93f5b59,sn,nucleus,10x 3' v3,Monocyte,apoptotic_signaling,20,evaluable_descriptive,evaluable_descriptive,7,6,6,7,0,1,588,573,0.9744897959183674,6,461.5,313.0,495.0,4.152465639516499,3.2642691290973,4.222432555960682,4.097765687475537,-0.016189106754750382,-0.0876336120196819,0.11449871690881608,2,0.30400000000000005,0.099,1.0
sn,1873a18a-66fd-4a4d-8277-a872c93f5b59,sn,nucleus,10x 3' v3,Monocyte,apoptotic_signaling,50,evaluable_descriptive,evaluable_descriptive,7,5,5,7,0,2,588,573,0.9744897959183674,5,468.0,438.0,495.0,4.165875446018441,3.9544747862379817,4.222432555960682,4.107933839051866,-0.01503201906686158,-0.033282670134522796,0.11449871690881608,2,0.328,0.175,1.0
sn,1873a18a-66fd-4a4d-8277-a872c93f5b59,sn,nucleus,10x 3' v3,Monocyte,chr21_dn,20,evaluable_descriptive,evaluable_descriptive,7,6,6,7,0,1,141,135,0.9574468085106383,6,128.0,92.0,130.0,5.913098529760778,4.60099215930557,6.187660394455181,5.543666386899995,0.3408066223119355,-0.27123976023450425,0.6187300887830478,5,1.0,0.028,1.0
sn,1873a18a-66fd-4a4d-8277-a872c93f5b59,sn,nucleus,10x 3' v3,Monocyte,chr21_dn,50,evaluable_descriptive,evaluable_descriptive,7,5,5,7,0,2,141,135,0.9574468085106383,5,128.0,122.0,130.0,5.94516665060863,5.587125100549131,6.187660394455181,5.568930305672133,0.3626279407850701,0.09018732863586632,0.6187300887830478,5,1.0,0.885,1.0
sn,1873a18a-66fd-4a4d-8277-a872c93f5b59,sn,nucleus,10x 3' v3,Monocyte,ets2_g1_dn,20,evaluable_descriptive,evaluable_descriptive,7,6,6,7,0,1,927,906,0.9773462783171522,6,841.0,623.0,870.0,5.291904156740551,4.302825605487765,5.421199820325902,5.075988676021412,0.18783808597116103,-0.015464804591224457,0.3279441421131315,5,1.0,0.392,1.0
sn,1873a18a-66fd-4a4d-8277-a872c93f5b59,sn,nucleus,10x 3' v3,Monocyte,ets2_g1_dn,50,evaluable_descriptive,evaluable_descriptive,7,5,5,7,0,2,927,906,0.9773462783171522,5,846.0,805.0,870.0,5.354676540553622,5.018164989890112,5.421199820325902,5.0932556782127705,0.2052660728448954,0.03608294251180677,0.3279441421131315,5,1.0,0.886,1.0
sn,1873a18a-66fd-4a4d-8277-a872c93f5b59,sn,nucleus,10x 3' v3,Monocyte,ets2_g1_dn_without_comparators,20,evaluable_descriptive,evaluable_descriptive,7,6,6,7,0,1,927,741,0.7993527508090615,6,693.0,516.0,716.0,5.3494955520163945,4.373071283247317,5.479188971320395,5.126373162009299,0.19537786419595715,0.0011229237631571465,0.32440843076746706,6,1.0,0.509,1.0
sn,1873a18a-66fd-4a4d-8277-a872c93f5b59,sn,nucleus,10x 3' v3,Monocyte,ets2_g1_dn_without_comparators,50,evaluable_descriptive,evaluable_descriptive,7,5,5,7,0,2,927,741,0.7993527508090615,5,696.0,659.0,716.0,5.4267480323273345,5.085094042473118,5.479188971320395,5.143777144942078,0.22748183576297976,0.04878430065620609,0.32440843076746706,5,1.0,0.935,1.0
sn,1873a18a-66fd-4a4d-8277-a872c93f5b59,sn,nucleus,10x 3' v3,Monocyte,ets2_g1_up,20,evaluable_descriptive,evaluable_descriptive,7,6,6,7,0,1,668,583,0.8727544910179641,6,543.5,375.0,561.0,4.9449379766475525,3.88638107135318,5.0187972344584395,4.8263536147631445,0.0903706471302721,-0.11336708443156063,0.1820339330165135,5,0.9964999999999999,0.055,1.0
sn,1873a18a-66fd-4a4d-8277-a872c93f5b59,sn,nucleus,10x 3' v3,Monocyte,ets2_g1_up,50,evaluable_descriptive,evaluable_descriptive,7,5,5,7,0,2,668,583,0.8727544910179641,5,544.0,522.0,561.0,4.987615266341862,4.820133951114906,5.0187972344584395,4.836763301441926,0.09442453539166351,0.06307336698799659,0.1820339330165135,5,0.999,0.949,1.0
sn,1873a18a-66fd-4a4d-8277-a872c93f5b59,sn,nucleus,10x 3' v3,Monocyte,ets2_g2_dn,20,evaluable_descriptive,evaluable_descriptive,7,6,6,7,0,1,875,859,0.9817142857142858,6,798.0,601.0,819.0,5.38627738988948,4.40234828468599,5.500366591974903,5.182242147081881,0.17687740891322834,-0.04128054119124425,0.2989320488443967,5,1.0,0.243,1.0
sn,1873a18a-66fd-4a4d-8277-a872c93f5b59,sn,nucleus,10x 3' v3,Monocyte,ets2_g2_dn,50,evaluable_descriptive,evaluable_descriptive,7,5,5,7,0,2,875,859,0.9817142857142858,5,803.0,771.0,819.0,5.471129580453071,5.160045554142057,5.500366591974903,5.201434543130507,0.21537936953382353,0.060200671800460626,0.2989320488443967,5,1.0,0.984,1.0
sn,1873a18a-66fd-4a4d-8277-a872c93f5b59,sn,nucleus,10x 3' v3,Monocyte,inflammation,20,evaluable_descriptive,evaluable_descriptive,7,6,6,7,0,1,815,751,0.9214723926380368,6,557.0,345.0,609.0,3.6722765456802433,2.8028692539388205,3.7482285500144408,3.5470420104511824,0.05165522878263151,-0.04437321256182747,0.1920119116972434,4,0.9655,0.078,1.0
sn,1873a18a-66fd-4a4d-8277-a872c93f5b59,sn,nucleus,10x 3' v3,Monocyte,inflammation,50,evaluable_descriptive,evaluable_descriptive,7,5,5,7,0,2,815,751,0.9214723926380368,5,557.0,505.0,609.0,3.7088372562121004,3.355091744409715,3.7482285500144408,3.5562166383171974,0.06534574747937505,-0.04437321256182747,0.1920119116972434,4,0.984,0.078,1.0
sn,1873a18a-66fd-4a4d-8277-a872c93f5b59,sn,nucleus,10x 3' v3,Monocyte,interferon_gamma,20,evaluable_descriptive,evaluable_descriptive,7,6,6,7,0,1,139,137,0.9856115107913669,6,101.5,69.0,110.0,3.9133272540710835,3.068083816257851,4.049098886659845,3.8326718633441215,0.056997021612327226,-0.08947942716740798,0.20384363826956298,5,0.8265,0.25,1.0
sn,1873a18a-66fd-4a4d-8277-a872c93f5b59,sn,nucleus,10x 3' v3,Monocyte,interferon_gamma,50,evaluable_descriptive,evaluable_descriptive,7,5,5,7,0,2,139,137,0.9856115107913669,5,103.0,100.0,110.0,3.9396637785048245,3.8189014368885883,4.049098886659845,3.845255248390282,0.06690225133938155,0.01014687806381076,0.20384363826956298,5,0.851,0.552,1.0
sn,1873a18a-66fd-4a4d-8277-a872c93f5b59,sn,nucleus,10x 3' v3,Monocyte,oxidative_stress,20,evaluable_descriptive,evaluable_descriptive,7,6,6,7,0,1,436,419,0.9610091743119266,6,350.0,237.0,375.0,4.3355030905963705,3.450473909252688,4.438675220157658,4.246644857331889,0.07234088517060888,-0.04760443348793775,0.18630785197432598,4,0.9675,0.147,1.0
sn,1873a18a-66fd-4a4d-8277-a872c93f5b59,sn,nucleus,10x 3' v3,Monocyte,oxidative_stress,50,evaluable_descriptive,evaluable_descriptive,7,5,5,7,0,2,436,419,0.9610091743119266,5,354.0,334.0,375.0,4.363191214579313,4.2032819460532425,4.438675220157658,4.256831021002914,0.0897656774162705,-0.04760443348793775,0.18630785197432598,4,0.978,0.147,1.0
