series,sample,title,donor_label_from_title,cohort_from_title,assay_from_title,chemistry_from_title,source_name,description,flags,source_url
GSE243977,GSM7802679,C41_NPC_SC_3pr,C41,Control label,single-cell,3-prime,Human liver,"3pr scRNA-seq, 10x Genomics",,https://www.ncbi.nlm.nih.gov/geo/query/acc.cgi?acc=GSM7802679
GSE243977,GSM7802680,C42_NPC_SC_3pr,C42,Control label,single-cell,3-prime,Human liver,"3pr scRNA-seq, 10x Genomics",,https://www.ncbi.nlm.nih.gov/geo/query/acc.cgi?acc=GSM7802680
GSE243977,GSM7802681,C43_NPC_SC_3pr,C43,Control label,single-cell,3-prime,Human liver,"3pr scRNA-seq, 10x Genomics",,https://www.ncbi.nlm.nih.gov/geo/query/acc.cgi?acc=GSM7802681
GSE243977,GSM7802682,C46_SC_3pr,C46,Control label,single-cell,3-prime,Human liver,"3pr scRNA-seq, 10x Genomics",,https://www.ncbi.nlm.nih.gov/geo/query/acc.cgi?acc=GSM7802682
GSE243977,GSM7802683,C48_SC_3pr,C48,Control label,single-cell,3-prime,Human liver,"3pr scRNA-seq, 10x Genomics",,https://www.ncbi.nlm.nih.gov/geo/query/acc.cgi?acc=GSM7802683
GSE243977,GSM7802684,C49_SC_3pr,C49,Control label,single-cell,3-prime,Human liver,"3pr scRNA-seq, 10x Genomics",,https://www.ncbi.nlm.nih.gov/geo/query/acc.cgi?acc=GSM7802684
GSE243977,GSM7802685,C50_SC_3pr,C50,Control label,single-cell,3-prime,Human liver,"3pr scRNA-seq, 10x Genomics",,https://www.ncbi.nlm.nih.gov/geo/query/acc.cgi?acc=GSM7802685
GSE243977,GSM7802686,C51_flush_SC_3pr,C51,Control label,single-cell,3-prime,Human liver,"3pr scRNA-seq, 10x Genomics",,https://www.ncbi.nlm.nih.gov/geo/query/acc.cgi?acc=GSM7802686
GSE243977,GSM7802687,C51_SC_3pr,C51,Control label,single-cell,3-prime,Human liver,"3pr scRNA-seq, 10x Genomics",,https://www.ncbi.nlm.nih.gov/geo/query/acc.cgi?acc=GSM7802687
GSE243977,GSM7802688,C52_SC_3pr,C52,Control label,single-cell,3-prime,Human liver,"3pr scRNA-seq, 10x Genomics",,https://www.ncbi.nlm.nih.gov/geo/query/acc.cgi?acc=GSM7802688
GSE243977,GSM7802689,C53_SC_3pr,C53,Control label,single-cell,3-prime,Human liver,"3pr scRNA-seq, 10x Genomics",,https://www.ncbi.nlm.nih.gov/geo/query/acc.cgi?acc=GSM7802689
GSE243977,GSM7802690,C54_SC_3pr,C54,Control label,single-cell,3-prime,Human liver,"3pr scRNA-seq, 10x Genomics",,https://www.ncbi.nlm.nih.gov/geo/query/acc.cgi?acc=GSM7802690
GSE243977,GSM7802691,C56_SC_3pr,C56,Control label,single-cell,3-prime,Human liver,"3pr scRNA-seq, 10x Genomics",,https://www.ncbi.nlm.nih.gov/geo/query/acc.cgi?acc=GSM7802691
GSE243977,GSM7802692,C58_SC_5pr,C58,Control label,single-cell,5-prime,Human liver,"5pr scRNA-seq, 10x Genomics",,https://www.ncbi.nlm.nih.gov/geo/query/acc.cgi?acc=GSM7802692
GSE243977,GSM7802693,C59_SC_3pr,C59,Control label,single-cell,3-prime,Human liver,"3pr scRNA-seq, 10x Genomics",,https://www.ncbi.nlm.nih.gov/geo/query/acc.cgi?acc=GSM7802693
GSE243977,GSM7802694,C59_SC_5pr,C59,Control label,single-cell,5-prime,Human liver,"5pr scRNA-seq, 10x Genomics",,https://www.ncbi.nlm.nih.gov/geo/query/acc.cgi?acc=GSM7802694
GSE243977,GSM7802695,C61_SC_3pr,C61,Control label,single-cell,3-prime,Human liver,"3pr scRNA-seq, 10x Genomics",,https://www.ncbi.nlm.nih.gov/geo/query/acc.cgi?acc=GSM7802695
GSE243977,GSM7802696,C61_SC_5pr,C61,Control label,single-cell,5-prime,Human liver,"5pr scRNA-seq, 10x Genomics",,https://www.ncbi.nlm.nih.gov/geo/query/acc.cgi?acc=GSM7802696
GSE243977,GSM7802697,C63_SC_3pr,C63,Control label,single-cell,3-prime,Human liver,"5pr scRNA-seq, 10x Genomics",,https://www.ncbi.nlm.nih.gov/geo/query/acc.cgi?acc=GSM7802697
GSE243977,GSM7802698,C63_SC_5pr,C63,Control label,single-cell,5-prime,Human liver,"5pr scRNA-seq, 10x Genomics",,https://www.ncbi.nlm.nih.gov/geo/query/acc.cgi?acc=GSM7802698
GSE243977,GSM7802699,C64_SC_3pr,C64,Control label,single-cell,3-prime,Human liver,"3pr scRNA-seq, 10x Genomics",,https://www.ncbi.nlm.nih.gov/geo/query/acc.cgi?acc=GSM7802699
GSE243977,GSM7802700,C64_SC_5pr,C64,Control label,single-cell,5-prime,Human liver,"5pr scRNA-seq, 10x Genomics",,https://www.ncbi.nlm.nih.gov/geo/query/acc.cgi?acc=GSM7802700
GSE243977,GSM7802701,C66_SC_3pr,C66,Control label,single-cell,3-prime,Human liver,"3pr scRNA-seq, 10x Genomics",,https://www.ncbi.nlm.nih.gov/geo/query/acc.cgi?acc=GSM7802701
GSE243977,GSM7802702,C68_SC_3pr,C68,Control label,single-cell,3-prime,Human liver,"3pr scRNA-seq, 10x Genomics",,https://www.ncbi.nlm.nih.gov/geo/query/acc.cgi?acc=GSM7802702
GSE243977,GSM7802703,C69_SC_3pr,C69,Control label,single-cell,3-prime,Human liver,"3pr scRNA-seq, 10x Genomics",,https://www.ncbi.nlm.nih.gov/geo/query/acc.cgi?acc=GSM7802703
GSE243977,GSM7802704,C70_SC_5pr,C70,Control label,single-cell,5-prime,Human liver,"5pr scRNA-seq, 10x Genomics",,https://www.ncbi.nlm.nih.gov/geo/query/acc.cgi?acc=GSM7802704
GSE247128,GSM7883929,PBC001_SN_3pr,PBC001,PBC,single-nucleus,3-prime,single-nucleus RNA-seq,"3pr scRNA-seq, 10x Genomics",Title indicates nuclei; description says scRNA-seq,https://www.ncbi.nlm.nih.gov/geo/query/acc.cgi?acc=GSM7883929
GSE247128,GSM7883930,PBC001_SC_5pr,PBC001,PBC,single-cell,5-prime,single-cell RNA-seq,"3pr scRNA-seq, 10x Genomics",Title says 5pr; description says 3pr,https://www.ncbi.nlm.nih.gov/geo/query/acc.cgi?acc=GSM7883930
GSE247128,GSM7883931,PBC004_SN_3pr,PBC004,PBC,single-nucleus,3-prime,single-nucleus RNA-seq,"3pr scRNA-seq, 10x Genomics",Title indicates nuclei; description says scRNA-seq,https://www.ncbi.nlm.nih.gov/geo/query/acc.cgi?acc=GSM7883931
GSE247128,GSM7883932,PBC005_SC_5pr,PBC005,PBC,single-cell,5-prime,single-cell RNA-seq,"3pr scRNA-seq, 10x Genomics",Title says 5pr; description says 3pr,https://www.ncbi.nlm.nih.gov/geo/query/acc.cgi?acc=GSM7883932
GSE247128,GSM7883933,PSC005_SC_5pr,PSC005,PSC,single-cell,5-prime,single-cell RNA-seq,"3pr scRNA-seq, 10x Genomics",Title says 5pr; description says 3pr,https://www.ncbi.nlm.nih.gov/geo/query/acc.cgi?acc=GSM7883933
GSE247128,GSM7883934,PSC005_SN_3pr,PSC005,PSC,single-nucleus,3-prime,single-nucleus RNA-seq,"3pr scRNA-seq, 10x Genomics",Title indicates nuclei; description says scRNA-seq,https://www.ncbi.nlm.nih.gov/geo/query/acc.cgi?acc=GSM7883934
GSE247128,GSM7883935,PSC010_SN_3pr,PSC010,PSC,single-nucleus,3-prime,single-nucleus RNA-seq,"3pr scRNA-seq, 10x Genomics",Title indicates nuclei; description says scRNA-seq,https://www.ncbi.nlm.nih.gov/geo/query/acc.cgi?acc=GSM7883935
GSE247128,GSM7883936,PSC011_SN_3pr,PSC011,PSC,single-nucleus,3-prime,single-nucleus RNA-seq,"3pr scRNA-seq, 10x Genomics",Title indicates nuclei; description says scRNA-seq,https://www.ncbi.nlm.nih.gov/geo/query/acc.cgi?acc=GSM7883936
GSE247128,GSM7883937,PSC012_SC_5pr,PSC012,PSC,single-cell,5-prime,single-cell RNA-seq,"3pr scRNA-seq, 10x Genomics",Title says 5pr; description says 3pr,https://www.ncbi.nlm.nih.gov/geo/query/acc.cgi?acc=GSM7883937
GSE247128,GSM7883938,PSC012_SN_3pr,PSC012,PSC,single-nucleus,3-prime,single-nucleus RNA-seq,"3pr scRNA-seq, 10x Genomics",Title indicates nuclei; description says scRNA-seq,https://www.ncbi.nlm.nih.gov/geo/query/acc.cgi?acc=GSM7883938
GSE247128,GSM7883939,PSC014_SN_3pr,PSC014,PSC,single-nucleus,3-prime,single-nucleus RNA-seq,"3pr scRNA-seq, 10x Genomics",Title indicates nuclei; description says scRNA-seq,https://www.ncbi.nlm.nih.gov/geo/query/acc.cgi?acc=GSM7883939
GSE247128,GSM7883940,PSC014_SC_5pr,PSC014,PSC,single-cell,5-prime,single-cell RNA-seq,"3pr scRNA-seq, 10x Genomics",Title says 5pr; description says 3pr,https://www.ncbi.nlm.nih.gov/geo/query/acc.cgi?acc=GSM7883940
GSE247128,GSM7883941,PSC016_SC_5pr,PSC016,PSC,single-cell,5-prime,single-cell RNA-seq,"3pr scRNA-seq, 10x Genomics",Title says 5pr; description says 3pr,https://www.ncbi.nlm.nih.gov/geo/query/acc.cgi?acc=GSM7883941
GSE247128,GSM7883942,PSC018_SC_5pr,PSC018,PSC,single-cell,5-prime,single-cell RNA-seq,"3pr scRNA-seq, 10x Genomics",Title says 5pr; description says 3pr,https://www.ncbi.nlm.nih.gov/geo/query/acc.cgi?acc=GSM7883942
GSE247128,GSM7883943,PSC018_SN_3pr,PSC018,PSC,single-nucleus,3-prime,single-nucleus RNA-seq,"3pr scRNA-seq, 10x Genomics",Title indicates nuclei; description says scRNA-seq,https://www.ncbi.nlm.nih.gov/geo/query/acc.cgi?acc=GSM7883943
GSE247128,GSM7883944,PSC019_SC_5pr,PSC019,PSC,single-cell,5-prime,single-cell RNA-seq,"3pr scRNA-seq, 10x Genomics",Title says 5pr; description says 3pr,https://www.ncbi.nlm.nih.gov/geo/query/acc.cgi?acc=GSM7883944
GSE247128,GSM7883945,PSC019_SN_3pr,PSC019,PSC,single-nucleus,3-prime,single-nucleus RNA-seq,"3pr scRNA-seq, 10x Genomics",Title indicates nuclei; description says scRNA-seq,https://www.ncbi.nlm.nih.gov/geo/query/acc.cgi?acc=GSM7883945
GSE247128,GSM7883946,PSC024_SC_5pr,PSC024,PSC,single-cell,5-prime,single-cell RNA-seq,"3pr scRNA-seq, 10x Genomics",Title says 5pr; description says 3pr,https://www.ncbi.nlm.nih.gov/geo/query/acc.cgi?acc=GSM7883946
GSE247128,GSM7883947,PSC033_SC_5pr,PSC033,PSC,single-cell,5-prime,single-cell RNA-seq,"3pr scRNA-seq, 10x Genomics",Title says 5pr; description says 3pr,https://www.ncbi.nlm.nih.gov/geo/query/acc.cgi?acc=GSM7883947
