gsm,archive_member,source_url,compressed_bytes,compressed_sha256,decompressed_bytes,decompressed_sha256,gzip_integrity,cel_magic,cel_version,columns,rows,intensity_cell_count,chip_header_match
GSM2228386,GSM2228386_34810_SPR938_HGU133P.CEL.gz,https://ftp.ncbi.nlm.nih.gov/geo/samples/GSM2228nnn/GSM2228386/suppl/GSM2228386_34810_SPR938_HGU133P.CEL.gz,4963009,c6411a9f9667c3113744b1d7be43aff2b17b86bbb09b6d967c4a4c4b3ac8067e,13550888,4563a8c572c4540c3ee5ae0ce25e1dba3fc41076f38757b0a6272a349287cec9,pass,64,4,1164,1164,1354896,HG-U133_Plus_2
GSM2228387,GSM2228387_34811_SPR938_HGU133P.CEL.gz,https://ftp.ncbi.nlm.nih.gov/geo/samples/GSM2228nnn/GSM2228387/suppl/GSM2228387_34811_SPR938_HGU133P.CEL.gz,4878254,4ea7b815c10f210190e6391e33d472b461ae502cb5bd372e14c9c4717bfaf65d,13551271,fafa47eeac53f0d3529e4d27eb5ef771948f10252009b70743cfdda63c0e3546,pass,64,4,1164,1164,1354896,HG-U133_Plus_2
GSM2228388,GSM2228388_34812_SPR938_HGU133P.CEL.gz,https://ftp.ncbi.nlm.nih.gov/geo/samples/GSM2228nnn/GSM2228388/suppl/GSM2228388_34812_SPR938_HGU133P.CEL.gz,5007492,85096c5276d927dc34f0026bf839704a5cfc90c70853c726bdeb5039f7ac3454,13551148,d33a9fd51366537ddbce7f89564fb31c07a4e7c8cde5e226df81028a9ccb7f7d,pass,64,4,1164,1164,1354896,HG-U133_Plus_2
GSM2228389,GSM2228389_34813_SPR938_HGU133P.CEL.gz,https://ftp.ncbi.nlm.nih.gov/geo/samples/GSM2228nnn/GSM2228389/suppl/GSM2228389_34813_SPR938_HGU133P.CEL.gz,4861899,6358a52c1245fbb2d0af79d51a6931868cab087752bac45575e029972345e763,13551007,b831868dae9da933765216e63dafeac11cef7ce072782ae8c78703b882cf61e1,pass,64,4,1164,1164,1354896,HG-U133_Plus_2
GSM2228390,GSM2228390_34814_SPR938_HGU133P.CEL.gz,https://ftp.ncbi.nlm.nih.gov/geo/samples/GSM2228nnn/GSM2228390/suppl/GSM2228390_34814_SPR938_HGU133P.CEL.gz,4921982,e98261bfbc1215de20ccbe15597de7f290a1ea1dd1e8e17fdfddeb9dd29ed748,13551116,04de2bfa3e6844cc38934018eab2ca67555ca051d9e4bc03f6ce09a7954491bb,pass,64,4,1164,1164,1354896,HG-U133_Plus_2
GSM2228391,GSM2228391_34815_SPR938_HGU133P.CEL.gz,https://ftp.ncbi.nlm.nih.gov/geo/samples/GSM2228nnn/GSM2228391/suppl/GSM2228391_34815_SPR938_HGU133P.CEL.gz,4870254,2c4026a037eb9623dd1839f889ed78a490b6b97a7f160cc97fad5953212aceb6,13551248,cfc2e522f05f21b20acafabbb84404f4344e2d9690a3383938fef09430385858,pass,64,4,1164,1164,1354896,HG-U133_Plus_2
GSM2228392,GSM2228392_34816_SPR938_HGU133P.CEL.gz,https://ftp.ncbi.nlm.nih.gov/geo/samples/GSM2228nnn/GSM2228392/suppl/GSM2228392_34816_SPR938_HGU133P.CEL.gz,4967237,2bd7d3e03e4968ba290ba6f1943d9ab2e58b8196379b89165aa27c50aa288cba,13550947,60761f6db234a026b5b4de3531f12031b34739755123961aa6e71131b9d97ea4,pass,64,4,1164,1164,1354896,HG-U133_Plus_2
GSM2228393,GSM2228393_34817_SPR938_HGU133P.CEL.gz,https://ftp.ncbi.nlm.nih.gov/geo/samples/GSM2228nnn/GSM2228393/suppl/GSM2228393_34817_SPR938_HGU133P.CEL.gz,5128538,ba4c8eeeca24d8f334fee1947e2f6fa2c8fff0b999ed07ad13090611469fedef,13550827,964ae24afef5a057a138db18f11fa5a3b5e6aa6bfe3ab0b965eff75a34615a18,pass,64,4,1164,1164,1354896,HG-U133_Plus_2
GSM2228394,GSM2228394_34818_SPR938_HGU133P.CEL.gz,https://ftp.ncbi.nlm.nih.gov/geo/samples/GSM2228nnn/GSM2228394/suppl/GSM2228394_34818_SPR938_HGU133P.CEL.gz,5129606,b7768a988347eb775eda10e5cc9ad076cb8626a984bff2624d32ceb2b446666f,13550767,1267c7bb820a080467e4d7e1de4b6889f8bf054ad80705e4e9d0b92592a2026f,pass,64,4,1164,1164,1354896,HG-U133_Plus_2
GSM2228395,GSM2228395_34819_SPR938_HGU133P.CEL.gz,https://ftp.ncbi.nlm.nih.gov/geo/samples/GSM2228nnn/GSM2228395/suppl/GSM2228395_34819_SPR938_HGU133P.CEL.gz,5030268,4992d272df15ea11a669f188845cda2d21bfaec4371d5901b44a085ed4c5c23e,13550848,96bbd8d3dc6f9f44ee028bbb553adfd496e9a59fb316fffb537ad0cc349364bb,pass,64,4,1164,1164,1354896,HG-U133_Plus_2
GSM2228396,GSM2228396_34820_SPR938_HGU133P.CEL.gz,https://ftp.ncbi.nlm.nih.gov/geo/samples/GSM2228nnn/GSM2228396/suppl/GSM2228396_34820_SPR938_HGU133P.CEL.gz,4851261,38dae08bd65c7d1c7bcb2c6e5e50166b33f43c3880ee46bc113d927b9590a5e4,13551135,ee1ee26ccb0574356cb34c14dc76b13336cced4c9c415c4a65b742c812f142b2,pass,64,4,1164,1164,1354896,HG-U133_Plus_2
GSM2228397,GSM2228397_34821_SPR938_HGU133P.CEL.gz,https://ftp.ncbi.nlm.nih.gov/geo/samples/GSM2228nnn/GSM2228397/suppl/GSM2228397_34821_SPR938_HGU133P.CEL.gz,4938895,bb0a63902d02ea18cc18047993e2be9eed8cf2cb08bce8ee6fe83e00cc392410,13550903,fc2e578a57c930332028997e7aea4a9071e0fb41bece06dba30cc0cf014eae8e,pass,64,4,1164,1164,1354896,HG-U133_Plus_2
GSM2228398,GSM2228398_34822_SPR938_HGU133P.CEL.gz,https://ftp.ncbi.nlm.nih.gov/geo/samples/GSM2228nnn/GSM2228398/suppl/GSM2228398_34822_SPR938_HGU133P.CEL.gz,5016407,a32dd22895a1ac49985e1de92c04f1609c92cb9ef87144296de08e6761acae42,13550919,291ef50a7f7cd33695ae6aeb171b92fec35d7da82bd172c13a02a368c4f8c76a,pass,64,4,1164,1164,1354896,HG-U133_Plus_2
GSM2228399,GSM2228399_34823_SPR938_HGU133P.CEL.gz,https://ftp.ncbi.nlm.nih.gov/geo/samples/GSM2228nnn/GSM2228399/suppl/GSM2228399_34823_SPR938_HGU133P.CEL.gz,4969969,f113fa2b3dbada445ba473996d01b6e8b58c0019237f9fca3473b780f7c56e4a,13551031,f1137df75e8c4993d93be25808672369147acc39ba040f0798155c78b0755a10,pass,64,4,1164,1164,1354896,HG-U133_Plus_2
GSM2228400,GSM2228400_34824_SPR938_HGU133P.CEL.gz,https://ftp.ncbi.nlm.nih.gov/geo/samples/GSM2228nnn/GSM2228400/suppl/GSM2228400_34824_SPR938_HGU133P.CEL.gz,4917132,cb74c8bba35a46c145ef8dd2fc90aaf060917a3a99c58be5d4149501fac5ed9f,13550815,1cfd31f712953dc8d96fc07d8e4b291442e5ac3f5866267a3e3b68f30cd9f5cf,pass,64,4,1164,1164,1354896,HG-U133_Plus_2
GSM2228401,GSM2228401_34825_SPR938_HGU133P.CEL.gz,https://ftp.ncbi.nlm.nih.gov/geo/samples/GSM2228nnn/GSM2228401/suppl/GSM2228401_34825_SPR938_HGU133P.CEL.gz,4760222,a8c4903ed4055ae50cbb9effcac6b1c931946c8a503dce9a4f3063f2f4cc4e41,13551507,6d499e4592712748a43d72436eafe1b01df0f5d64510c511050231b59ece2ed0,pass,64,4,1164,1164,1354896,HG-U133_Plus_2
GSM2228402,GSM2228402_34826_SPR938_HGU133P.CEL.gz,https://ftp.ncbi.nlm.nih.gov/geo/samples/GSM2228nnn/GSM2228402/suppl/GSM2228402_34826_SPR938_HGU133P.CEL.gz,4876434,0062913ed181aaec6c2ab061af02171793c707aa551a9fb8c9bff7e8934841bd,13551416,7cca8b91cff3c6e328d6d488bd68c39a4e8c3f9563c66a1d45738c111d5674eb,pass,64,4,1164,1164,1354896,HG-U133_Plus_2
GSM2228403,GSM2228403_34827_SPR938_HGU133P.CEL.gz,https://ftp.ncbi.nlm.nih.gov/geo/samples/GSM2228nnn/GSM2228403/suppl/GSM2228403_34827_SPR938_HGU133P.CEL.gz,4840374,9ae704cab2067969bec80ade3b59df154d675e40fa65acde2cc1f5dded490907,13551296,cb6973c44707cc30e079cc20063c11c286eee933b4d2204fb65df1dcb88e5186,pass,64,4,1164,1164,1354896,HG-U133_Plus_2
GSM2228404,GSM2228404_34828_SPR938_HGU133P.CEL.gz,https://ftp.ncbi.nlm.nih.gov/geo/samples/GSM2228nnn/GSM2228404/suppl/GSM2228404_34828_SPR938_HGU133P.CEL.gz,4915550,2205b9ed379a0f8f6d027bea03d6abf50c008f1f832b36f20a7e6f1c80c239dd,13550963,ecebe4a86cdcf6f71b37bd48ddbfa86bd941b0b490258207f8736cdd5ecced9f,pass,64,4,1164,1164,1354896,HG-U133_Plus_2
GSM2228405,GSM2228405_34829_SPR938_HGU133P.CEL.gz,https://ftp.ncbi.nlm.nih.gov/geo/samples/GSM2228nnn/GSM2228405/suppl/GSM2228405_34829_SPR938_HGU133P.CEL.gz,4923987,62657584183cc92d0c9652e1b9c43cdaf743f891f9671ffc4ab9d2fb04eba150,13551344,c039ead231051c33f0cd33834a55bd82dc042a421339b6a277f1b422c4cb8109,pass,64,4,1164,1164,1354896,HG-U133_Plus_2
GSM2228406,GSM2228406_34830_SPR938_HGU133P.CEL.gz,https://ftp.ncbi.nlm.nih.gov/geo/samples/GSM2228nnn/GSM2228406/suppl/GSM2228406_34830_SPR938_HGU133P.CEL.gz,4771228,6d779df8b2ff26c95825e531d4eb26580a9b18eff6d1c7fae02e361f7fec2df9,13551592,e8517610c8e4ad5d23254552714a64b268b3f0241b22b4937086de2f2692cd5e,pass,64,4,1164,1164,1354896,HG-U133_Plus_2
GSM2228407,GSM2228407_34831_SPR938_HGU133P.CEL.gz,https://ftp.ncbi.nlm.nih.gov/geo/samples/GSM2228nnn/GSM2228407/suppl/GSM2228407_34831_SPR938_HGU133P.CEL.gz,4927546,e07823c56a2cff8fad2863c2cfefa546d948b820a60a1cad732fed22fb7999e7,13551296,56025f5aa225a8dddee899410081e02bddac72a59b662dfb591c7e064b1c3ff4,pass,64,4,1164,1164,1354896,HG-U133_Plus_2
GSM2228408,GSM2228408_34832_SPR938_HGU133P.CEL.gz,https://ftp.ncbi.nlm.nih.gov/geo/samples/GSM2228nnn/GSM2228408/suppl/GSM2228408_34832_SPR938_HGU133P.CEL.gz,4960242,ece5be8481be3968e1f1f7afe48db7545417651ee466111e55b17934c7b35dc6,13550879,6d19fc90ca4db7f570ae639258e557264b812d0c52047f71cfed636cdf608cdf,pass,64,4,1164,1164,1354896,HG-U133_Plus_2
GSM2228409,GSM2228409_34833_SPR938_HGU133P.CEL.gz,https://ftp.ncbi.nlm.nih.gov/geo/samples/GSM2228nnn/GSM2228409/suppl/GSM2228409_34833_SPR938_HGU133P.CEL.gz,4804868,5f31994acd8fcc97ab3b0cd7cf251b62563684f0b19658b35b796743ee89ec22,13551120,930ed3077e91dddf6856c3fa71b66d70fc7fa0f5a0f6c8e84f0d935977c7dc26,pass,64,4,1164,1164,1354896,HG-U133_Plus_2
GSM2228410,GSM2228410_34834_SPR938_HGU133P.CEL.gz,https://ftp.ncbi.nlm.nih.gov/geo/samples/GSM2228nnn/GSM2228410/suppl/GSM2228410_34834_SPR938_HGU133P.CEL.gz,4850051,cbcd2c389765f9f75129d080dd688540e6daa09c5646ef9156ecd8aae177cdf7,13551164,ead8b6d4abd423f2bc409e2ab2d56cf53af4e0d472e1e0876e5d6da64f1313c4,pass,64,4,1164,1164,1354896,HG-U133_Plus_2
GSM2228411,GSM2228411_34835_SPR938_HGU133P.CEL.gz,https://ftp.ncbi.nlm.nih.gov/geo/samples/GSM2228nnn/GSM2228411/suppl/GSM2228411_34835_SPR938_HGU133P.CEL.gz,4817266,fb1d435cffb64188f704ad73e8bdbbdea04b6a3cbc47e7680b387b16b6d2f423,13551519,5c15d65dcb7b13338fee99f6b2179d933f9d00bf13480eed977202a8a7f16d1a,pass,64,4,1164,1164,1354896,HG-U133_Plus_2
GSM2228412,GSM2228412_34836_SPR938_HGU133P.CEL.gz,https://ftp.ncbi.nlm.nih.gov/geo/samples/GSM2228nnn/GSM2228412/suppl/GSM2228412_34836_SPR938_HGU133P.CEL.gz,4815640,c746144fa4054df8c954d365ba45c5eff9371a036c00b75bed052f389b117d40,13552127,7738ba19d0705b53918fbed81f7030da1d7b1b7e92a0aa1b26a1d81ec4b2bb18,pass,64,4,1164,1164,1354896,HG-U133_Plus_2
GSM2228413,GSM2228413_34837_SPR938_HGU133P.CEL.gz,https://ftp.ncbi.nlm.nih.gov/geo/samples/GSM2228nnn/GSM2228413/suppl/GSM2228413_34837_SPR938_HGU133P.CEL.gz,4592966,6a1a5d58990628686d80d95b447d00dd28b2e4b0e8ce8690e45fda7443da9d94,13551868,1ffbbcd6e659bf60edf42ca62f7ae6f8e151d62c5f2f2eb91698e47daa8c329a,pass,64,4,1164,1164,1354896,HG-U133_Plus_2
GSM2228414,GSM2228414_34838_SPR938_HGU133P.CEL.gz,https://ftp.ncbi.nlm.nih.gov/geo/samples/GSM2228nnn/GSM2228414/suppl/GSM2228414_34838_SPR938_HGU133P.CEL.gz,4659439,f3aed0dac84808dc8a5b3970f685db8e80b1cf652eaf3948c7d15470db1e0498,13552179,bd64a108da2db37204a8babaf9f54c352716ce87faa51677b3936f7e5dec8d04,pass,64,4,1164,1164,1354896,HG-U133_Plus_2
GSM2228415,GSM2228415_34839_SPR938_HGU133P.CEL.gz,https://ftp.ncbi.nlm.nih.gov/geo/samples/GSM2228nnn/GSM2228415/suppl/GSM2228415_34839_SPR938_HGU133P.CEL.gz,4738222,7354d204347d68863230ea1edb7e8e1b7b7f9ca865bf0cf44064c094241056ef,13550891,cf15fcbf812047500343c7d84b6f93b57ca2ad4ee06cc8a30f8876b19f94b32d,pass,64,4,1164,1164,1354896,HG-U133_Plus_2
